refYear,reporterCode,reporterDesc,partnerCode,partnerDesc,flowCode,cmdCode,cmdDesc,qty,qtyUnitAbbr,cifvalue,fobvalue,primaryValue,reporter_name,flow_label
2017,156,,0,,X,070320,,82000,,,67950,67950,China,exports_to_world
2017,156,,0,,X,070320,,108000,,,71812,71812,China,exports_to_world
2017,156,,0,,X,070320,,28000,,,23800,23800,China,exports_to_world
2017,156,,0,,X,070320,,10920,,,8246,8246,China,exports_to_world
2017,156,,0,,X,070320,,22000,,,28930,28930,China,exports_to_world
2017,156,,0,,X,070320,,35350,,,32820,32820,China,exports_to_world
2017,156,,0,,X,070320,,87000,,,72171,72171,China,exports_to_world
2017,156,,0,,X,070320,,216000,,,220462,220462,China,exports_to_world
2017,156,,0,,X,070320,,20500,,,23170,23170,China,exports_to_world
2017,156,,0,,X,070320,,105000,,,210977,210977,China,exports_to_world
2017,156,,0,,X,070320,,150500,,,196532,196532,China,exports_to_world
2017,156,,0,,X,070320,,205132,,,246008,246008,China,exports_to_world
2017,156,,0,,X,070320,,39360,,,93381,93381,China,exports_to_world
2017,156,,0,,X,070320,,224500,,,329031,329031,China,exports_to_world
2017,156,,0,,X,070320,,699800,,,674857,674857,China,exports_to_world
2017,156,,0,,X,070320,,172270,,,290726,290726,China,exports_to_world
2017,156,,0,,X,070320,,46000,,,89240,89240,China,exports_to_world
2017,156,,0,,X,070320,,147000,,,215587,215587,China,exports_to_world
2017,156,,0,,X,070320,,312000,,,339495,339495,China,exports_to_world
2017,156,,0,,X,070320,,332000,,,266284,266284,China,exports_to_world
2017,156,,0,,X,070320,,2426800,,,3167293,3167293,China,exports_to_world
2017,156,,0,,X,070320,,500880,,,512210,512210,China,exports_to_world
2017,156,,0,,X,070320,,149000,,,101001,101001,China,exports_to_world
2017,156,,0,,X,070320,,813000,,,791279,791279,China,exports_to_world
2017,156,,0,,X,070320,,20605,,,22872,22872,China,exports_to_world
2017,156,,0,,X,070320,,1547620,,,1984540,1984540,China,exports_to_world
2017,156,,0,,X,070320,,1634320,,,1989623,1989623,China,exports_to_world
2017,156,,0,,X,070320,,10666500,,,12916483,12916483,China,exports_to_world
2017,156,,0,,X,070320,,30600,,,25350,25350,China,exports_to_world
2017,156,,0,,X,070320,,43500,,,49464,49464,China,exports_to_world
2017,156,,0,,X,070320,,101500,,,114875,114875,China,exports_to_world
2017,156,,0,,X,070320,,420200,,,401605,401605,China,exports_to_world
2017,156,,0,,X,070320,,5606770,,,6439624,6439624,China,exports_to_world
2017,156,,0,,X,070320,,7138800,,,8133396,8133396,China,exports_to_world
2017,156,,0,,X,070320,,99880,,,63723,63723,China,exports_to_world
2017,156,,0,,X,070320,,1069787,,,1107371,1107371,China,exports_to_world
2017,156,,0,,X,070320,,4127920,,,5412811,5412811,China,exports_to_world
2017,156,,0,,X,070320,,60840,,,81967,81967,China,exports_to_world
2017,156,,0,,X,070320,,411325,,,339231,339231,China,exports_to_world
2017,156,,0,,X,070320,,77700,,,240093,240093,China,exports_to_world
2017,156,,0,,X,070320,,1690490,,,2084413,2084413,China,exports_to_world
2017,156,,0,,X,070320,,342000,,,477781,477781,China,exports_to_world
2017,156,,0,,X,070320,,4887654,,,7345069,7345069,China,exports_to_world
2017,156,,0,,X,070320,,19340400,,,24667797,24667797,China,exports_to_world
2017,156,,0,,X,070320,,1711549395,,,2188203666,2188203666,China,exports_to_world
2017,156,,0,,X,070320,,2310143,,,4052633,4052633,China,exports_to_world
2017,156,,0,,X,070320,,26384500,,,30045123,30045123,China,exports_to_world
2017,156,,0,,X,070320,,2369072,,,4127492,4127492,China,exports_to_world
2017,156,,0,,X,070320,,8813000,,,8486056,8486056,China,exports_to_world
2017,156,,0,,X,070320,,1091804,,,1344238,1344238,China,exports_to_world
2017,156,,0,,X,070320,,2853110,,,2668756,2668756,China,exports_to_world
2017,156,,0,,X,070320,,46028725,,,60865591,60865591,China,exports_to_world
2017,156,,0,,X,070320,,96210,,,80490,80490,China,exports_to_world
2017,156,,0,,X,070320,,28822060,,,48623713,48623713,China,exports_to_world
2017,156,,0,,X,070320,,75757000,,,103216556,103216556,China,exports_to_world
2017,156,,0,,X,070320,,1738420,,,2697470,2697470,China,exports_to_world
2017,156,,0,,X,070320,,59313320,,,76148113,76148113,China,exports_to_world
2017,156,,0,,X,070320,,1447220,,,1856951,1856951,China,exports_to_world
2017,156,,0,,X,070320,,242380,,,322100,322100,China,exports_to_world
2017,156,,0,,X,070320,,18349804,,,35368247,35368247,China,exports_to_world
2017,156,,0,,X,070320,,39382036,,,39026392,39026392,China,exports_to_world
2017,156,,0,,X,070320,,51964600,,,52546042,52546042,China,exports_to_world
2017,156,,0,,X,070320,,7493170,,,12450174,12450174,China,exports_to_world
2017,156,,0,,X,070320,,12375541,,,20918715,20918715,China,exports_to_world
2017,156,,0,,X,070320,,351470,,,498123,498123,China,exports_to_world
2017,156,,0,,X,070320,,1017320,,,1250258,1250258,China,exports_to_world
2017,156,,0,,X,070320,,1281120,,,1638225,1638225,China,exports_to_world
2017,156,,0,,X,070320,,395287,,,696628,696628,China,exports_to_world
2017,156,,0,,X,070320,,1074462,,,1264443,1264443,China,exports_to_world
2017,156,,0,,X,070320,,2222070,,,2975388,2975388,China,exports_to_world
2017,156,,0,,X,070320,,178500,,,125375,125375,China,exports_to_world
2017,156,,0,,X,070320,,1377450,,,1448266,1448266,China,exports_to_world
2017,156,,0,,X,070320,,2039210,,,3228061,3228061,China,exports_to_world
2017,156,,0,,X,070320,,1563290,,,2328704,2328704,China,exports_to_world
2017,156,,0,,X,070320,,405000,,,309793,309793,China,exports_to_world
2017,156,,0,,X,070320,,3109120,,,4083455,4083455,China,exports_to_world
2017,156,,0,,X,070320,,762398,,,2059871,2059871,China,exports_to_world
2017,156,,0,,X,070320,,2894670,,,3204127,3204127,China,exports_to_world
2017,156,,0,,X,070320,,998565,,,1546601,1546601,China,exports_to_world
2017,156,,0,,X,070320,,4920300,,,4019107,4019107,China,exports_to_world
2017,156,,0,,X,070320,,505840,,,548222,548222,China,exports_to_world
2017,156,,0,,X,070320,,2257250,,,2250166,2250166,China,exports_to_world
2017,156,,0,,X,070320,,14770900,,,18937376,18937376,China,exports_to_world
2017,156,,0,,X,070320,,24900,,,48720,48720,China,exports_to_world
2017,156,,0,,X,070320,,4499640,,,5017487,5017487,China,exports_to_world
2017,156,,0,,X,070320,,442800,,,88560,88560,China,exports_to_world
2017,156,,0,,X,070320,,2078300,,,2001587,2001587,China,exports_to_world
2017,156,,0,,X,070320,,5439100,,,5713352,5713352,China,exports_to_world
2017,156,,0,,X,070320,,2826270,,,2815646,2815646,China,exports_to_world
2017,156,,0,,X,070320,,3563580,,,5953889,5953889,China,exports_to_world
2017,156,,0,,X,070320,,6157000,,,6135236,6135236,China,exports_to_world
2017,156,,0,,X,070320,,56600,,,56480,56480,China,exports_to_world
2017,156,,0,,X,070320,,10147500,,,11089636,11089636,China,exports_to_world
2017,156,,0,,X,070320,,1315060,,,270861,270861,China,exports_to_world
2017,156,,0,,X,070320,,1742000,,,1983800,1983800,China,exports_to_world
2017,156,,0,,X,070320,,255680,,,330601,330601,China,exports_to_world
2017,156,,0,,X,070320,,2815400,,,3436798,3436798,China,exports_to_world
2017,156,,0,,X,070320,,1223000,,,1305436,1305436,China,exports_to_world
2017,156,,0,,X,070320,,1165500,,,1520342,1520342,China,exports_to_world
2017,156,,0,,X,070320,,720068,,,852508,852508,China,exports_to_world
2017,156,,0,,X,070320,,1022800,,,1224543,1224543,China,exports_to_world
2017,156,,0,,X,070320,,670020,,,632832,632832,China,exports_to_world
2017,156,,0,,X,070320,,5186040,,,5974196,5974196,China,exports_to_world
2017,156,,0,,X,070320,,171790,,,309222,309222,China,exports_to_world
2017,156,,0,,X,070320,,646000,,,837546,837546,China,exports_to_world
2017,156,,0,,X,070320,,1611000,,,2130062,2130062,China,exports_to_world
2017,156,,0,,X,070320,,320000,,,356176,356176,China,exports_to_world
2017,156,,0,,X,070320,,1513160,,,1554223,1554223,China,exports_to_world
2017,156,,0,,X,070320,,3503390,,,5102040,5102040,China,exports_to_world
2017,156,,0,,X,070320,,1813670,,,2462160,2462160,China,exports_to_world
2017,156,,0,,X,070320,,51440,,,39755,39755,China,exports_to_world
2017,156,,0,,X,070320,,81000,,,60760,60760,China,exports_to_world
2024,156,,0,,X,070320,,2353891745,,,3151160883,3151160883,China,exports_to_world
2017,156,,0,,X,070320,,21000,,,15641,15641,China,exports_to_world
2017,156,,0,,X,070320,,9029180,,,17070400,17070400,China,exports_to_world
2017,156,,0,,X,070320,,45216754,,,54807718,54807718,China,exports_to_world
2017,156,,0,,X,070320,,533830067,,,575477208,575477208,China,exports_to_world
2017,156,,0,,X,070320,,147519311,,,166814473,166814473,China,exports_to_world
2017,156,,0,,X,070320,,48094921,,,116992295,116992295,China,exports_to_world
2017,156,,0,,X,070320,,36453465,,,42255978,42255978,China,exports_to_world
2017,156,,0,,X,070320,,14863070,,,17534161,17534161,China,exports_to_world
2017,156,,0,,X,070320,,193922795,,,311782042,311782042,China,exports_to_world
2017,156,,0,,X,070320,,20609128,,,50875483,50875483,China,exports_to_world
2017,156,,0,,X,070320,,20000,,,17800,17800,China,exports_to_world
2017,156,,0,,X,070320,,25000,,,15000,15000,China,exports_to_world
2018,156,,0,,X,070320,,1881736112,,0.0,1409820124,1409820124,China,exports_to_world
2022,156,,0,,X,070320,,2035905147,,,1796196575,1796196575,China,exports_to_world
2017,156,,0,,X,070320,,468884,,,712413,712413,China,exports_to_world
2017,156,,0,,X,070320,,67533228,,,76196323,76196323,China,exports_to_world
2017,156,,0,,X,070320,,264030,,,416605,416605,China,exports_to_world
2017,156,,0,,X,070320,,262876,,,241440,241440,China,exports_to_world
2019,156,,0,,X,070320,,1761126723,,0.0,1991142267,1991142267,China,exports_to_world
2020,156,,0,,X,070320,,2254426712,,0.0,2063350939,2063350939,China,exports_to_world
2023,156,,0,,X,070320,,2032197543,,,2367488857,2367488857,China,exports_to_world
2017,156,,0,,X,070320,,72000,,,79400,79400,China,exports_to_world
2017,156,,0,,X,070320,,663345,,,1500645,1500645,China,exports_to_world
2017,156,,0,,X,070320,,7176030,,,8840183,8840183,China,exports_to_world
2017,156,,0,,X,070320,,3556220,,,5025843,5025843,China,exports_to_world
2017,156,,0,,X,070320,,314260,,,322206,322206,China,exports_to_world
2017,156,,0,,X,070320,,72435,,,133740,133740,China,exports_to_world
2017,156,,0,,X,070320,,51500,,,111876,111876,China,exports_to_world
2017,156,,0,,X,070320,,4604485,,,6350578,6350578,China,exports_to_world
2017,156,,0,,X,070320,,4889220,,,6629517,6629517,China,exports_to_world
2017,156,,0,,X,070320,,1063740,,,1658881,1658881,China,exports_to_world
2017,156,,0,,X,070320,,482420,,,447327,447327,China,exports_to_world
2017,156,,0,,X,070320,,281488,,,495816,495816,China,exports_to_world
2017,156,,0,,X,070320,,5884850,,,8057605,8057605,China,exports_to_world
2017,156,,0,,X,070320,,3271330,,,2978446,2978446,China,exports_to_world
2017,156,,0,,X,070320,,767905,,,1195489,1195489,China,exports_to_world
2017,156,,0,,X,070320,,3993990,,,4618289,4618289,China,exports_to_world
2021,156,,0,,X,070320,,1907786544,,,2032520108,2032520108,China,exports_to_world
