month,mp_price,jaora_price,jaora_arrivals,mp_arrivals,kerala_price,tn_price,mh_price,tg_price,kerala_spread,tn_spread,mh_spread,south_spread,south_spread_lag1,south_spread_lag2,mp_arrivals_lag1
2010-01-01,4436.0,,,1260.0,,,5142.0,6000.0,,,706.0,,,,
2010-02-01,2810.5,,,9321.0,,,3711.0,6667.0,,,900.5,,,,1260.0
2010-03-01,2636.0,,,4618.0,,,3357.0,5250.0,,,721.0,,,,9321.0
2010-04-01,2715.5,,,14660.0,6343.0,,3453.0,4500.0,3627.5,,737.5,3627.5,,,4618.0
2010-05-01,3222.0,,,7752.0,6019.0,,4475.0,,2797.0,,1253.0,2797.0,3627.5,,14660.0
2010-06-01,3246.3333333333335,,,4222.0,6639.0,,6000.0,,3392.6666666666665,,2753.6666666666665,3392.6666666666665,2797.0,3627.5,7752.0
2010-07-01,5334.5,,,4463.0,7518.0,,7141.0,,2183.5,,1806.5,2183.5,3392.6666666666665,2797.0,4222.0
2010-08-01,6736.0,,,2931.0,10217.0,,8900.0,,3481.0,,2164.0,3481.0,2183.5,3392.6666666666665,4463.0
2010-09-01,8123.0,,,8847.0,13033.0,,10885.0,,4910.0,,2762.0,4910.0,3481.0,2183.5,2931.0
2010-10-01,8344.0,,,9473.0,12592.0,,11525.0,,4248.0,,3181.0,4248.0,4910.0,3481.0,8847.0
2010-11-01,8479.333333333334,,,27382.0,13467.0,,10667.0,,4987.666666666666,,2187.666666666666,4987.666666666666,4248.0,4910.0,9473.0
2010-12-01,13120.333333333334,,,15861.0,14100.0,,12479.0,,979.6666666666661,,-641.3333333333339,979.6666666666661,4987.666666666666,4248.0,27382.0
2011-01-01,12142.333333333334,,,10931.0,17700.0,,10981.0,,5557.666666666666,,-1161.333333333334,5557.666666666666,979.6666666666661,4987.666666666666,15861.0
2011-02-01,5690.666666666667,,,131230.0,16250.0,,9350.0,,10559.333333333332,,3659.333333333333,10559.333333333332,5557.666666666666,979.6666666666661,10931.0
2011-03-01,3794.0,,,106157.0,9275.0,,4447.0,,5481.0,,653.0,5481.0,10559.333333333332,5557.666666666666,131230.0
2011-04-01,3106.0,,,5208.0,7367.0,,4664.0,,4261.0,,1558.0,4261.0,5481.0,10559.333333333332,106157.0
2011-05-01,3789.0,,,4627.0,7839.0,,4824.0,,4050.0,,1035.0,4050.0,4261.0,5481.0,5208.0
2011-06-01,3390.6666666666665,,,27558.0,7600.0,,4744.0,,4209.333333333334,,1353.3333333333335,4209.333333333334,4050.0,4261.0,4627.0
2011-07-01,3055.3333333333335,,,85579.0,6753.0,,4294.0,,3697.6666666666665,,1238.6666666666665,3697.6666666666665,4209.333333333334,4050.0,27558.0
2011-08-01,3048.6666666666665,,,100587.0,7238.0,,3981.0,,4189.333333333334,,932.3333333333335,4189.333333333334,3697.6666666666665,4209.333333333334,85579.0
2011-09-01,4883.0,7030.0,1881.0,137219.0,8848.0,,5525.0,,3965.0,,642.0,3965.0,4189.333333333334,3697.6666666666665,100587.0
2011-10-01,5680.5,6698.0,1246.0,66408.0,10813.0,,6640.0,,5132.5,,959.5,5132.5,3965.0,4189.333333333334,137219.0
2011-11-01,4665.25,5027.0,1981.0,133287.0,9513.0,,6450.0,,4847.75,,1784.75,4847.75,5132.5,3965.0,66408.0
2011-12-01,4114.5,4542.0,647.0,62176.0,7742.0,,5239.0,,3627.5,,1124.5,3627.5,4847.75,5132.5,133287.0
2012-01-01,3271.75,3846.0,995.0,64735.0,7680.0,,4190.0,,4408.25,,918.25,4408.25,3627.5,4847.75,62176.0
2012-02-01,1740.25,2162.0,5179.0,27232.0,6558.0,,2162.0,,4817.75,,421.75,4817.75,4408.25,3627.5,64735.0
2012-03-01,1182.75,1486.0,8927.0,27561.0,4307.0,,1483.0,,3124.25,,300.25,3124.25,4817.75,4408.25,27232.0
2012-04-01,923.0,1063.0,5863.0,151322.0,3816.0,,1565.0,,2893.0,,642.0,2893.0,3124.25,4817.75,27561.0
2012-05-01,1160.0,1430.0,2599.0,9793.0,3604.0,,1542.0,,2444.0,,382.0,2444.0,2893.0,3124.25,151322.0
2012-06-01,1515.6666666666667,1878.0,4456.0,9303.0,3427.0,,1566.0,,1911.3333333333333,,50.33333333333326,1911.3333333333333,2444.0,2893.0,9793.0
2012-07-01,1637.3333333333333,2715.0,3081.0,5103.0,3427.0,,,,1789.6666666666667,,,1789.6666666666667,1911.3333333333333,2444.0,9303.0
2012-08-01,1614.25,3044.0,2968.0,13440.0,3367.0,,1632.0,,1752.75,,17.75,1752.75,1789.6666666666667,1911.3333333333333,5103.0
2012-09-01,1738.5,2572.0,462.0,638.0,3673.0,,1600.0,,1934.5,,-138.5,1934.5,1752.75,1789.6666666666667,13440.0
2012-10-01,2705.0,2705.0,872.0,872.0,3049.0,,1500.0,,344.0,,-1205.0,344.0,1934.5,1752.75,638.0
2012-11-01,2961.0,2800.0,215.0,588.0,3055.0,,1770.0,,94.0,,-1191.0,94.0,344.0,1934.5,872.0
2012-12-01,1754.3333333333333,1663.0,1321.0,1637.0,3192.0,,,,1437.6666666666667,,,1437.6666666666667,94.0,344.0,588.0
2013-01-01,1225.0,1825.0,463.0,1134.0,2866.0,,1400.0,,1641.0,,175.0,1641.0,1437.6666666666667,94.0,1637.0
2013-02-01,1338.25,1566.0,3957.0,9444.0,3354.0,,1581.0,,2015.75,,242.75,2015.75,1641.0,1437.6666666666667,1134.0
2013-03-01,1397.25,1593.0,7952.0,41221.0,3430.0,,1921.0,,2032.75,,523.75,2032.75,2015.75,1641.0,9444.0
2013-04-01,1986.75,2287.0,5717.0,59304.0,3949.0,,2520.0,,1962.25,,533.25,1962.25,2032.75,2015.75,41221.0
2013-05-01,1833.75,2339.0,4549.0,33461.0,4525.0,,2853.0,,2691.25,,1019.25,2691.25,1962.25,2032.75,59304.0
2013-06-01,2067.25,2644.0,3807.0,48084.0,4336.0,,2764.0,4500.0,2268.75,,696.75,2268.75,2691.25,1962.25,33461.0
2013-07-01,2114.0,,,45297.0,4194.0,,2996.0,5167.0,2080.0,,882.0,2080.0,2268.75,2691.25,48084.0
2013-08-01,2153.6666666666665,,,23046.0,4046.0,,2750.0,4342.0,1892.3333333333335,,596.3333333333335,1892.3333333333335,2080.0,2268.75,45297.0
2013-09-01,2107.0,,,36434.0,4524.0,,3123.0,4900.0,2417.0,,1016.0,2417.0,1892.3333333333335,2080.0,23046.0
2013-10-01,2375.0,,,20249.0,4028.0,,3081.0,3500.0,1653.0,,706.0,1653.0,2417.0,1892.3333333333335,36434.0
2013-11-01,4510.666666666667,,,13885.0,5059.0,,5805.0,,548.333333333333,,1294.333333333333,548.333333333333,1653.0,2417.0,20249.0
2013-12-01,3395.3333333333335,,,17840.0,6576.0,,4792.0,5500.0,3180.6666666666665,,1396.6666666666665,3180.6666666666665,548.333333333333,1653.0,13885.0
2014-01-01,2738.0,2433.0,1950.0,8696.0,7110.0,,4225.0,6000.0,4372.0,,1487.0,4372.0,3180.6666666666665,548.333333333333,17840.0
2014-02-01,2356.75,2148.0,5733.0,21421.0,6361.0,,3389.0,6000.0,4004.25,,1032.25,4004.25,4372.0,3180.6666666666665,8696.0
2014-03-01,2563.0,2612.0,7056.0,48710.0,6778.0,,2968.0,5667.0,4215.0,,405.0,4215.0,4004.25,4372.0,21421.0
2014-04-01,2150.75,2240.0,4672.0,44694.0,6531.0,,2919.0,5500.0,4380.25,,768.25,4380.25,4215.0,4004.25,48710.0
2014-05-01,2269.0,2797.0,5917.0,39708.0,6656.0,,3331.0,5125.0,4387.0,,1062.0,4387.0,4380.25,4215.0,44694.0
2014-06-01,2779.0,3266.0,5644.0,47189.0,6803.0,,3832.0,4750.0,4024.0,,1053.0,4024.0,4387.0,4380.25,39708.0
2014-07-01,3301.25,2925.0,2342.0,24705.0,7484.0,,3988.0,6000.0,4182.75,,686.75,4182.75,4024.0,4387.0,47189.0
2014-08-01,3864.5,3416.0,2732.0,26343.0,7546.0,,4652.0,6125.0,3681.5,,787.5,3681.5,4182.75,4024.0,24705.0
2014-09-01,3765.5,3693.0,3202.0,43641.0,7731.0,,4478.0,6357.0,3965.5,,712.5,3965.5,3681.5,4182.75,26343.0
2014-10-01,3381.5,3147.0,2670.0,25601.0,7751.0,,4346.0,6333.0,4369.5,,964.5,4369.5,3965.5,3681.5,43641.0
2014-11-01,3202.25,3135.0,2871.0,36271.0,7425.0,,4058.0,5000.0,4222.75,,855.75,4222.75,4369.5,3965.5,25601.0
2014-12-01,3362.75,3061.0,3784.0,27827.0,7521.0,,3536.0,5875.0,4158.25,,173.25,4158.25,4222.75,4369.5,36271.0
2015-01-01,3929.0,3908.0,1797.0,19401.0,7680.0,,3823.0,7500.0,3751.0,,-106.0,3751.0,4158.25,4222.75,27827.0
2015-02-01,3616.0,3515.0,1740.0,32251.0,8056.0,,4687.0,,4440.0,,1071.0,4440.0,3751.0,4158.25,19401.0
2015-03-01,3333.5,3738.0,1401.0,55339.0,7292.0,,3445.0,6250.0,3958.5,,111.5,3958.5,4440.0,3751.0,32251.0
2015-04-01,3115.5,3956.0,1725.0,47132.0,6723.0,,3344.0,6000.0,3607.5,,228.5,3607.5,3958.5,4440.0,55339.0
2015-05-01,3445.25,4110.0,1323.0,40694.0,6516.0,,4413.0,6500.0,3070.75,,967.75,3070.75,3607.5,3958.5,47132.0
2015-06-01,4486.75,5480.0,3741.0,49432.0,7281.0,,5357.0,6000.0,2794.25,,870.25,2794.25,3070.75,3607.5,40694.0
2015-07-01,4579.75,5106.0,2850.0,38671.0,7824.0,,6693.0,7000.0,3244.25,,2113.25,3244.25,2794.25,3070.75,49432.0
2015-08-01,4991.5,6208.0,3703.0,60547.0,7912.0,,7189.0,7125.0,2920.5,,2197.5,2920.5,3244.25,2794.25,38671.0
2015-09-01,5068.25,5396.0,2264.0,32864.0,8331.0,,7592.0,6750.0,3262.75,,2523.75,3262.75,2920.5,3244.25,60547.0
2015-10-01,5654.333333333333,6442.0,2617.0,23342.0,8375.0,,7593.0,6500.0,2720.666666666667,,1938.666666666667,2720.666666666667,3262.75,2920.5,32864.0
2015-11-01,8556.0,10742.0,1769.0,19421.0,10062.0,,9026.0,6000.0,1506.0,,470.0,1506.0,2720.666666666667,3262.75,23342.0
2015-12-01,8675.0,11248.0,2169.0,24859.0,14546.0,,10573.0,10125.0,5871.0,,1898.0,5871.0,1506.0,2720.666666666667,19421.0
2016-01-01,6987.5,8485.0,1954.0,33287.0,13823.0,,9093.0,,6835.5,,2105.5,6835.5,5871.0,1506.0,24859.0
2016-02-01,5167.0,5142.0,3398.0,64149.0,12104.0,,7016.0,9500.0,6937.0,,1849.0,6937.0,6835.5,5871.0,33287.0
2016-03-01,3758.5,4113.0,3219.0,73677.0,9858.0,,5441.0,8200.0,6099.5,,1682.5,6099.5,6937.0,6835.5,64149.0
2016-04-01,4558.75,5234.0,2139.0,35696.0,9603.0,,5242.0,8250.0,5044.25,,683.25,5044.25,6099.5,6937.0,73677.0
2016-05-01,5511.0,6557.0,2676.0,39327.0,10253.0,,6757.0,8500.0,4742.0,,1246.0,4742.0,5044.25,6099.5,35696.0
2016-06-01,6472.0,7057.0,2527.0,36328.0,11968.0,,7652.0,8917.0,5496.0,,1180.0,5496.0,4742.0,5044.25,39327.0
2016-07-01,7973.0,8415.0,2290.0,30339.0,11601.0,,8510.0,8917.0,3628.0,,537.0,3628.0,5496.0,4742.0,36328.0
2016-08-01,8863.75,9578.0,2260.0,35969.0,11780.0,,9168.0,9250.0,2916.25,,304.25,2916.25,3628.0,5496.0,30339.0
2016-09-01,8677.75,9681.0,1567.0,38115.0,12410.0,,8607.0,11500.0,3732.25,,-70.75,3732.25,2916.25,3628.0,35969.0
2016-10-01,8779.75,10262.0,1174.0,32427.0,12209.0,,8106.0,,3429.25,,-673.75,3429.25,3732.25,2916.25,38115.0
2016-11-01,8509.25,9998.0,1134.0,23579.0,11557.0,,8264.0,,3047.75,,-245.25,3047.75,3429.25,3732.25,32427.0
2016-12-01,8229.25,9681.0,2813.0,32585.0,11312.0,,7760.0,,3082.75,,-469.25,3082.75,3047.75,3429.25,23579.0
2017-01-01,8411.25,8748.0,2880.0,30923.0,13197.0,,9304.0,8500.0,4785.75,,892.75,4785.75,3082.75,3047.75,32585.0
2017-02-01,5910.75,7058.0,4768.0,69683.0,12663.0,,7392.0,4000.0,6752.25,,1481.25,6752.25,4785.75,3082.75,30923.0
2017-03-01,3879.75,5039.0,5576.0,50461.0,7734.0,,4244.0,7250.0,3854.25,,364.25,3854.25,6752.25,4785.75,69683.0
2017-04-01,3377.75,4209.0,2254.0,45207.0,8245.0,,4222.0,6667.0,4867.25,,844.25,4867.25,3854.25,6752.25,50461.0
2017-05-01,3381.75,4155.0,4673.0,41946.0,8441.0,,4501.0,4720.0,5059.25,,1119.25,5059.25,4867.25,3854.25,45207.0
2017-06-01,2999.5,3487.0,895.0,11136.0,8150.0,,4512.0,6000.0,5150.5,,1512.5,5150.5,5059.25,4867.25,41946.0
2017-07-01,2806.5,3604.0,3837.0,44673.0,8042.0,,4048.0,5417.0,5235.5,,1241.5,5235.5,5150.5,5059.25,11136.0
2017-08-01,2764.75,3361.0,3588.0,41460.0,7129.0,,3635.0,5000.0,4364.25,,870.25,4364.25,5235.5,5150.5,44673.0
2017-09-01,2591.0,3147.0,3753.0,50480.0,6702.0,,3736.0,6000.0,4111.0,,1145.0,4111.0,4364.25,5235.5,41460.0
2017-10-01,2607.25,3037.0,2810.0,54253.0,6721.0,,3559.0,5500.0,4113.75,,951.75,4113.75,4111.0,4364.25,50480.0
2017-11-01,2300.25,2877.0,7566.0,65762.0,6493.0,,3267.0,5333.0,4192.75,,966.75,4192.75,4113.75,4111.0,54253.0
2017-12-01,2222.25,2592.0,4939.0,68143.0,6213.0,,2842.0,5250.0,3990.75,,619.75,3990.75,4192.75,4113.75,65762.0
2018-01-01,1743.5,2443.0,4799.0,71546.0,5476.0,,2385.0,6000.0,3732.5,,641.5,3732.5,3990.75,4192.75,68143.0
2018-02-01,1442.6666666666667,,,52489.0,4913.0,,2017.0,,3470.333333333333,,574.3333333333333,3470.333333333333,3732.5,3990.75,71546.0
2018-03-01,1702.3333333333333,,,70869.0,4295.0,,1914.0,3900.0,2592.666666666667,,211.66666666666674,2592.666666666667,3470.333333333333,3732.5,52489.0
2018-04-01,1389.0,,,73801.0,4185.0,,2043.0,5000.0,2796.0,,654.0,2796.0,2592.666666666667,3470.333333333333,70869.0
2018-05-01,1164.75,1466.0,8792.0,186789.0,3780.0,,1965.0,5286.0,2615.25,,800.25,2615.25,2796.0,2592.666666666667,73801.0
2018-06-01,896.75,500.0,1054.0,49232.0,4954.0,,1938.0,5000.0,4057.25,,1041.25,4057.25,2615.25,2796.0,186789.0
2018-07-01,1381.75,1363.0,1984.0,37608.0,4981.0,,1858.0,6375.0,3599.25,,476.25,3599.25,4057.25,2615.25,49232.0
2018-08-01,1273.75,1340.0,1573.0,70799.0,5547.0,,1930.0,6667.0,4273.25,,656.25,4273.25,3599.25,4057.25,37608.0
2018-09-01,1121.0,1279.0,5708.0,53463.0,5298.0,,1876.0,,4177.0,,755.0,4177.0,4273.25,3599.25,70799.0
2018-10-01,1125.5,1311.0,5045.0,45368.0,4133.0,,1797.0,5500.0,3007.5,,671.5,3007.5,4177.0,4273.25,53463.0
2018-11-01,1114.5,1418.0,4431.0,36820.0,4062.0,,1654.0,,2947.5,,539.5,2947.5,3007.5,4177.0,45368.0
2018-12-01,1025.0,1401.0,7660.0,82746.0,4488.0,,1510.0,5000.0,3463.0,,485.0,3463.0,2947.5,3007.5,36820.0
2019-01-01,1017.25,1368.0,7135.0,76310.0,4392.0,,1459.0,,3374.75,,441.75,3374.75,3463.0,2947.5,82746.0
2019-02-01,1693.25,1474.0,4653.0,61487.0,5267.0,,1924.0,6000.0,3573.75,,230.75,3573.75,3374.75,3463.0,76310.0
2019-03-01,2400.5,2611.0,8318.0,112756.0,6023.0,,2915.0,5000.0,3622.5,,514.5,3622.5,3573.75,3374.75,61487.0
2019-04-01,3280.0,3489.0,3940.0,68881.0,6265.0,,4132.0,4000.0,2985.0,,852.0,2985.0,3622.5,3573.75,112756.0
2019-05-01,3699.5,3419.0,555.0,45005.0,8513.0,,5955.0,8000.0,4813.5,,2255.5,4813.5,2985.0,3622.5,68881.0
2019-06-01,4484.25,3777.0,641.0,5693.0,9965.0,,7407.0,7000.0,5480.75,,2922.75,5480.75,4813.5,2985.0,45005.0
2019-07-01,5178.25,4067.0,473.0,83470.0,10444.0,,7674.0,7500.0,5265.75,,2495.75,5265.75,5480.75,4813.5,5693.0
2019-08-01,6160.0,4716.0,434.0,12620.0,10353.0,,7654.0,6500.0,4193.0,,1494.0,4193.0,5265.75,5480.75,83470.0
2019-09-01,7522.5,7109.0,84.0,5213.0,12222.0,,9836.0,8000.0,4699.5,,2313.5,4699.5,4193.0,5265.75,12620.0
2019-10-01,9898.0,10525.0,1620.0,7497.0,12244.0,,11924.0,,2346.0,,2026.0,2346.0,4699.5,4193.0,5213.0
2019-11-01,10035.0,,,4702.0,14784.0,,12982.0,,4749.0,,2947.0,4749.0,2346.0,4699.5,7497.0
2019-12-01,9015.0,,,4220.0,15523.0,,12107.0,7333.0,6508.0,,3092.0,6508.0,4749.0,2346.0,4702.0
2020-01-01,11012.75,12443.0,1000.0,13674.0,17055.0,,12907.0,,6042.25,,1894.25,6042.25,6508.0,4749.0,4220.0
2020-02-01,6978.5,,,29378.0,16595.0,,10396.0,,9616.5,,3417.5,9616.5,6042.25,6508.0,13674.0
2020-03-01,4749.0,4575.0,0.0,40791.0,12757.0,,5415.0,,8008.0,,666.0,8008.0,9616.5,6042.25,29378.0
2020-04-01,4569.0,,,643.0,12920.0,,7202.0,,8351.0,,2633.0,8351.0,8008.0,9616.5,40791.0
2020-05-01,4463.5,,,4268.0,11422.0,,6885.0,,6958.5,,2421.5,6958.5,8351.0,8008.0,643.0
2020-06-01,4432.0,,,10370.0,10406.0,,6358.0,,5974.0,,1926.0,5974.0,6958.5,8351.0,4268.0
2020-07-01,5918.0,,,11242.0,11475.0,,6967.0,,5557.0,,1049.0,5557.0,5974.0,6958.5,10370.0
2020-08-01,6622.25,6500.0,734.0,30448.0,13704.0,,7793.0,,7081.75,,1170.75,7081.75,5557.0,5974.0,11242.0
2020-09-01,6475.5,6721.0,1565.0,21044.0,13251.0,,8468.0,,6775.5,,1992.5,6775.5,7081.75,5557.0,30448.0
2020-10-01,6980.0,,,20411.0,12635.0,,8488.0,,5655.0,,1508.0,5655.0,6775.5,7081.75,21044.0
2020-11-01,6907.5,,,13126.0,12213.0,,8196.0,,5305.5,,1288.5,5305.5,5655.0,6775.5,20411.0
2020-12-01,5904.0,6667.0,0.0,23977.0,10636.0,,6962.0,,4732.0,,1058.0,4732.0,5305.5,5655.0,13126.0
2021-01-01,6056.0,7067.0,1224.0,32214.0,10652.0,,6639.0,,4596.0,,583.0,4596.0,4732.0,5305.5,23977.0
2021-02-01,5181.5,5164.0,3617.0,46172.0,10826.0,,6012.0,,5644.5,,830.5,5644.5,4596.0,4732.0,32214.0
2021-03-01,4608.25,5222.0,1813.0,70955.0,8901.0,,4725.0,,4292.75,,116.75,4292.75,5644.5,4596.0,46172.0
2021-04-01,4482.5,4500.0,0.0,17085.0,10142.0,,4934.0,,5659.5,,451.5,5659.5,4292.75,5644.5,70955.0
2021-05-01,4708.0,,,2632.0,10881.0,,6376.0,,6173.0,,1668.0,6173.0,5659.5,4292.75,17085.0
2021-06-01,5697.5,5605.0,2964.0,38980.0,12498.0,,6434.0,,6800.5,,736.5,6800.5,6173.0,5659.5,2632.0
2021-07-01,5703.25,6050.0,0.0,29176.0,11987.0,,6158.0,,6283.75,,454.75,6283.75,6800.5,6173.0,38980.0
2021-08-01,5491.25,5646.0,5755.0,39596.0,10665.0,,5824.0,,5173.75,,332.75,5173.75,6283.75,6800.5,29176.0
2021-09-01,4603.0,5560.0,259.0,46076.0,9938.0,,5488.0,,5335.0,,885.0,5335.0,5173.75,6283.75,39596.0
2021-10-01,4590.75,5057.0,3438.0,54448.0,8923.0,,5493.0,,4332.25,,902.25,4332.25,5335.0,5173.75,46076.0
2021-11-01,4773.666666666667,7126.0,3474.0,19299.0,9355.0,,5035.0,,4581.333333333333,,261.33333333333303,4581.333333333333,4332.25,5335.0,54448.0
2021-12-01,2811.5,,,59939.0,8222.0,,3632.0,,5410.5,,820.5,5410.5,4581.333333333333,4332.25,19299.0
2022-01-01,2097.25,3217.0,3695.0,78486.0,6690.0,,2706.0,4333.0,4592.75,,608.75,4592.75,5410.5,4581.333333333333,59939.0
2022-02-01,3108.25,3121.0,4019.0,80110.0,8132.0,,3066.0,4692.0,5023.75,,-42.25,5023.75,4592.75,5410.5,78486.0
2022-03-01,2740.25,3025.0,8140.0,104554.0,8404.0,,3876.0,4722.0,5663.75,,1135.75,5663.75,5023.75,4592.75,80110.0
2022-04-01,2959.0,3363.0,4581.0,58135.0,8552.0,,3802.0,5000.0,5593.0,,843.0,5593.0,5663.75,5023.75,104554.0
2022-05-01,3106.75,4044.0,4544.0,52276.0,8523.0,,4027.0,4250.0,5416.25,,920.25,5416.25,5593.0,5663.75,58135.0
2022-06-01,2955.25,4183.0,4376.0,55954.0,7940.0,,4040.0,4125.0,4984.75,,1084.75,4984.75,5416.25,5593.0,52276.0
2022-07-01,2870.25,3931.0,4351.0,43594.0,7569.0,,3453.0,4375.0,4698.75,,582.75,4698.75,4984.75,5416.25,55954.0
2022-08-01,2530.5,3005.0,2998.0,18328.0,6940.0,,3012.0,4000.0,4409.5,,481.5,4409.5,4698.75,4984.75,43594.0
2022-09-01,1681.75,2256.0,2172.0,24173.0,6389.0,,2404.0,4000.0,4707.25,,722.25,4707.25,4409.5,4698.75,18328.0
2022-10-01,1760.5,2750.0,1537.0,13786.0,6559.0,,2783.0,4000.0,4798.5,,1022.5,4798.5,4707.25,4409.5,24173.0
2022-11-01,2222.5,3773.0,3622.0,51654.0,7817.0,,3424.0,4750.0,5594.5,,1201.5,5594.5,4798.5,4707.25,13786.0
2022-12-01,1936.5,3052.0,3698.0,54665.0,7569.0,,2440.0,4889.0,5632.5,,503.5,5632.5,5594.5,4798.5,51654.0
2023-01-01,2047.75,2062.0,3777.0,50071.0,7431.0,,3079.0,5000.0,5383.25,,1031.25,5383.25,5632.5,5594.5,54665.0
2023-02-01,3596.75,2692.0,2986.0,53907.0,8250.0,,3514.0,4889.0,4653.25,,-82.75,4653.25,5383.25,5632.5,50071.0
2023-03-01,3958.0,3063.0,5959.0,54913.0,9168.0,,4977.0,5250.0,5210.0,,1019.0,5210.0,4653.25,5383.25,53907.0
2023-04-01,4217.5,3685.0,4470.0,62878.0,10334.0,,5279.0,5000.0,6116.5,,1061.5,6116.5,5210.0,4653.25,54913.0
2023-05-01,4940.25,4760.0,4980.0,56611.0,10224.0,,5642.0,10444.0,5283.75,,701.75,5283.75,6116.5,5210.0,62878.0
2023-06-01,5899.25,5318.0,4337.0,53015.0,12302.0,,7509.0,10000.0,6402.75,,1609.75,6402.75,5283.75,6116.5,56611.0
2023-07-01,7093.75,7088.0,2920.0,44322.0,14792.0,,10927.0,10807.0,7698.25,,3833.25,7698.25,6402.75,5283.75,53015.0
2023-08-01,8668.0,7167.0,150.0,39023.0,14529.0,,11532.0,12286.0,5861.0,,2864.0,5861.0,7698.25,6402.75,44322.0
2023-09-01,9254.0,9807.0,1075.0,16592.0,16013.0,,11712.0,11333.0,6759.0,,2458.0,6759.0,5861.0,7698.25,39023.0
2023-10-01,10132.5,11892.0,1724.0,45111.0,17366.0,,11660.0,13000.0,7233.5,,1527.5,7233.5,6759.0,5861.0,16592.0
2023-11-01,13054.75,13750.0,1254.0,31786.0,18545.0,,13505.0,15000.0,5490.25,,450.25,5490.25,7233.5,6759.0,45111.0
2023-12-01,15445.75,15757.0,1541.0,26432.0,23158.0,,17827.0,18167.0,7712.25,,2381.25,7712.25,5490.25,7233.5,31786.0
2024-01-01,18396.0,19488.0,778.0,7676.0,25299.0,,18354.0,,6903.0,,-42.0,6903.0,7712.25,5490.25,26432.0
2024-02-01,12997.0,12690.0,2956.0,23884.0,32328.0,,19945.0,,19331.0,,6948.0,19331.0,6903.0,7712.25,7676.0
2024-03-01,7012.0,7086.0,5344.0,37473.0,21153.0,,9376.0,,14141.0,,2364.0,14141.0,19331.0,6903.0,23884.0
2024-04-01,8676.5,9013.0,2975.0,20665.0,18130.0,,11176.0,3000.0,9453.5,,2499.5,9453.5,14141.0,19331.0,37473.0
2024-05-01,9652.5,8503.0,3827.0,26938.0,19805.0,,13774.0,11750.0,10152.5,,4121.5,10152.5,9453.5,14141.0,20665.0
2024-06-01,11020.0,10816.0,2718.0,19246.0,20706.0,226.0,14333.0,14500.0,9686.0,-10794.0,3313.0,-554.0,10152.5,9453.5,26938.0
2024-07-01,12648.25,12968.0,2901.0,21515.0,22304.0,21489.0,14546.0,15000.0,9655.75,8840.75,1897.75,9248.25,-554.0,10152.5,19246.0
2024-08-01,17474.75,17831.0,2803.0,20681.0,24386.0,26974.0,17637.0,14250.0,6911.25,9499.25,162.25,8205.25,9248.25,-554.0,21515.0
2024-09-01,20086.5,21261.0,1857.0,14903.0,29729.0,33701.0,23319.0,17938.0,9642.5,13614.5,3232.5,11628.5,8205.25,9248.25,20681.0
2024-10-01,21713.0,21215.0,1665.0,13709.0,30183.0,34616.0,22337.0,20857.0,8470.0,12903.0,624.0,10686.5,11628.5,8205.25,14903.0
2024-11-01,23995.25,24374.0,1450.0,11480.0,31385.0,36295.0,26103.0,20000.0,7389.75,12299.75,2107.75,9844.75,10686.5,11628.5,13709.0
2024-12-01,19013.5,20310.0,1185.0,9570.0,32788.0,36197.0,23196.0,25000.0,13774.5,17183.5,4182.5,15479.0,9844.75,10686.5,11480.0
2025-01-01,11940.75,13277.0,1889.0,18389.0,28138.0,31388.0,16687.0,,16197.25,19447.25,4746.25,17822.25,15479.0,9844.75,9570.0
2025-02-01,6048.0,6046.0,6356.0,46319.0,17258.0,18931.0,9031.0,13000.0,11210.0,12883.0,2983.0,12046.5,17822.25,15479.0,18389.0
2025-03-01,4637.0,4860.0,5541.0,41506.0,12081.0,11844.0,6386.0,4000.0,7444.0,7207.0,1749.0,7325.5,12046.5,17822.25,46319.0
2025-04-01,3703.75,3801.0,4072.0,26644.0,12532.0,12233.0,6561.0,4000.0,8828.25,8529.25,2857.25,8678.75,7325.5,12046.5,41506.0
2025-05-01,4860.25,4667.0,4027.0,24477.0,12866.0,12510.0,7671.0,4667.0,8005.75,7649.75,2810.75,7827.75,8678.75,7325.5,26644.0
2025-06-01,4498.5,4089.0,3707.0,17998.0,13292.0,13417.0,7589.0,5333.0,8793.5,8918.5,3090.5,8856.0,7827.75,8678.75,24477.0
2025-07-01,3608.25,3725.0,4116.0,19954.0,12166.0,13306.0,6836.0,4083.0,8557.75,9697.75,3227.75,9127.75,8856.0,7827.75,17998.0
2025-08-01,4050.25,3943.0,3050.0,17978.0,11326.0,12574.0,6873.0,4050.0,7275.75,8523.75,2822.75,7899.75,9127.75,8856.0,19954.0
2025-09-01,3296.0,3371.0,4513.0,25870.0,10789.0,12744.0,6436.0,3976.0,7493.0,9448.0,3140.0,8470.5,7899.75,9127.75,17978.0
2025-10-01,3363.75,3848.0,2780.0,15882.0,10439.0,12438.0,6423.0,3986.0,7075.25,9074.25,3059.25,8074.75,8470.5,7899.75,25870.0
2025-11-01,3400.0,3590.0,3656.0,18843.0,11404.0,11921.0,6239.0,4818.0,8004.0,8521.0,2839.0,8262.5,8074.75,8470.5,15882.0
2025-12-01,5331.75,5067.0,2713.0,10247.0,14378.0,12991.0,7213.0,5568.0,9046.25,7659.25,1881.25,8352.75,8262.5,8074.75,18843.0
2026-01-01,8081.0,7895.0,2361.0,13276.0,17431.0,15943.0,9870.0,7091.0,9350.0,7862.0,1789.0,8606.0,8352.75,8262.5,10247.0
2026-02-01,6604.75,6476.0,6210.0,31546.0,17752.0,16597.0,9052.0,7529.0,11147.25,9992.25,2447.25,10569.75,8606.0,8352.75,13276.0
2026-03-01,5272.25,4841.0,3087.0,17841.0,18735.0,15393.0,7677.0,6500.0,13462.75,10120.75,2404.75,11791.75,10569.75,8606.0,31546.0
2026-04-01,4375.0,3320.0,4605.0,26287.0,16485.0,15231.0,8486.0,6683.0,12110.0,10856.0,4111.0,11483.0,11791.75,10569.75,17841.0
2026-05-01,5732.25,6200.0,120.0,637.0,15600.0,15525.0,8550.0,7600.0,9867.75,9792.75,2817.75,9830.25,11483.0,11791.75,26287.0
