date,title,url,domain,category,query,date_parsed
,Thousands of people are protesting with farmers in India . This is why you should care,https://www.erienewsnow.com/story/43047203/thousands-of-people-are-protesting-with-farmers-in-india-,erienewsnow.com,export_policy,garlic minimum export price India,
,Thousands of people are protesting with farmers in India . This is why you should care,https://cnnphilippines.com:443/world/2020/12/12/India-farmers-protests-thousands-of-people.html,cnnphilippines.com,export_policy,garlic minimum export price India,
,Thousands of people are protesting with farmers in India . This is why you should care,https://cnnphilippines.com/world/2020/12/12/India-farmers-protests-thousands-of-people.html,cnnphilippines.com,export_policy,garlic minimum export price India,
,Thousands of people are protesting with farmers in India . This is why you should care,http://www.firstlightradio.com/news/thousands-of-people-are-protesting-with-farmers-in-india-this-is,firstlightradio.com,export_policy,garlic minimum export price India,
,Thousands of people are protesting with farmers in India . This is why you should care,https://www.wmal.com/news/thousands-of-people-are-protesting-with-farmers-in-india-this-is-why-you-s,wmal.com,export_policy,garlic minimum export price India,
,Thousands of people are protesting with farmers in India . This is why you should care,https://www.wcoapensacola.com/news/thousands-of-people-are-protesting-with-farmers-in-india-this-is-,wcoapensacola.com,export_policy,garlic minimum export price India,
,Thousands of people are protesting with farmers in India . This is why you should care,https://www.kfru.com/news/thousands-of-people-are-protesting-with-farmers-in-india-this-is-why-you-s,kfru.com,export_policy,garlic minimum export price India,
,Thousands of people are protesting with farmers in India . This is why you should care,https://www.wicz.com/story/43047203/thousands-of-people-are-protesting-with-farmers-in-india-this-is,wicz.com,export_policy,garlic minimum export price India,
,Thousands of people are protesting with farmers in India . This is why you should care,https://www.newstalk1030.com/news/thousands-of-people-are-protesting-with-farmers-in-india-this-is-w,newstalk1030.com,export_policy,garlic minimum export price India,
,Thousands of people are protesting with farmers in India . This is why you should care,https://www.wvnn.com/news/thousands-of-people-are-protesting-with-farmers-in-india-this-is-why-you-s,wvnn.com,export_policy,garlic minimum export price India,
,Thousands of people are protesting with farmers in India . This is why you should care,https://www.997wtn.com/news/thousands-of-people-are-protesting-with-farmers-in-india-this-is-why-you,997wtn.com,export_policy,garlic minimum export price India,
,Thousands of people are protesting with farmers in India . This is why you should care,https://www.kitv.com/story/43047203/thousands-of-people-are-protesting-with-farmers-in-india-this-is,kitv.com,export_policy,garlic minimum export price India,
,Thousands of people are protesting with farmers in India . This is why you should care,https://www.790wpic.com/news/thousands-of-people-are-protesting-with-farmers-in-india-this-is-why-yo,790wpic.com,export_policy,garlic minimum export price India,
,Thousands of people are protesting with farmers in India . This is why you should care,https://www.wvlkam.com/news/thousands-of-people-are-protesting-with-farmers-in-india-this-is-why-you,wvlkam.com,export_policy,garlic minimum export price India,
,Thousands of people are protesting with farmers in India . This is why you should care,https://www.klik1240.com/news/thousands-of-people-are-protesting-with-farmers-in-india-this-is-why-y,klik1240.com,export_policy,garlic minimum export price India,
,Thousands of people are protesting with farmers in India . This is why you should care,https://www.henryherald.com/news/world_nation/thousands-of-people-are-protesting-with-farmers-in-ind,henryherald.com,export_policy,garlic minimum export price India,
,Thousands of people are protesting with farmers in India . This is why you should care,https://www.wftw.com/news/thousands-of-people-are-protesting-with-farmers-in-india-this-is-why-you-s,wftw.com,export_policy,garlic minimum export price India,
,Thousands of people are protesting with farmers in India . This is why you should care,https://www.1490wosh.com/news/thousands-of-people-are-protesting-with-farmers-in-india-this-is-why-y,1490wosh.com,export_policy,garlic minimum export price India,
,Thousands of people are protesting with farmers in India . This is why you should care,https://www.wjcw.com/news/thousands-of-people-are-protesting-with-farmers-in-india-this-is-why-you-s,wjcw.com,export_policy,garlic minimum export price India,
,Thousands of people are protesting with farmers in India . This is why you should care,https://www.wlsam.com/news/thousands-of-people-are-protesting-with-farmers-in-india-this-is-why-you-,wlsam.com,export_policy,garlic minimum export price India,
,Thousands of people are protesting with farmers in India . This is why you should care,https://www.790business.com/news/thousands-of-people-are-protesting-with-farmers-in-india-this-is-wh,790business.com,export_policy,garlic minimum export price India,
,Thousands of people are protesting with farmers in India . This is why you should care,https://www.wmac-am.com/news/thousands-of-people-are-protesting-with-farmers-in-india-this-is-why-yo,wmac-am.com,export_policy,garlic minimum export price India,
,Thousands of people are protesting with farmers in India . This is why you should care,https://www.wgow.com/news/thousands-of-people-are-protesting-with-farmers-in-india-this-is-why-you-s,wgow.com,export_policy,garlic minimum export price India,
,Thousands of people are protesting with farmers in India . This is why you should care,https://www.wtma.com/news/thousands-of-people-are-protesting-with-farmers-in-india-this-is-why-you-s,wtma.com,export_policy,garlic minimum export price India,
,India farmer protests : Why you should care about thousands of people protesting,https://www.msn.com/en-us/news/world/india-farmers-protests-why-you-should-care-about-thousands-of-p,msn.com,export_policy,garlic minimum export price India,
,Thousands of people are protesting with farmers in India . This is why you should care,https://www.wgowam.com/news/thousands-of-people-are-protesting-with-farmers-in-india-this-is-why-you,wgowam.com,export_policy,garlic minimum export price India,
,Thousands of people are protesting with farmers in India . This is why you should care,https://www.kmaj1440.com/news/thousands-of-people-are-protesting-with-farmers-in-india-this-is-why-y,kmaj1440.com,export_policy,garlic minimum export price India,
,Thousands of people are protesting with farmers in India . This is why you should care,https://krdo.com/news/national-world/2020/12/11/thousands-of-people-are-protesting-with-farmers-in-i,krdo.com,export_policy,garlic minimum export price India,
,Thousands of people are protesting with farmers in India . This is why you should care,https://www.gwinnettdailypost.com/news/world_nation/thousands-of-people-are-protesting-with-farmers-,gwinnettdailypost.com,export_policy,garlic minimum export price India,
,Thousands of people are protesting with farmers in India . This is why you should care,https://kvia.com/news/us-world/2020/12/11/thousands-of-people-are-protesting-with-farmers-in-india-t,kvia.com,export_policy,garlic minimum export price India,
,Thousands of people are protesting with farmers in India . This is why you should care,https://www.albanyherald.com/news/world_nation/thousands-of-people-are-protesting-with-farmers-in-in,albanyherald.com,export_policy,garlic minimum export price India,
,Thousands of people are protesting with farmers in India . This is why you should care,https://localnews8.com/news/2020/12/11/thousands-of-people-are-protesting-with-farmers-in-india-this,localnews8.com,export_policy,garlic minimum export price India,
,Eddy Good News,https://virginradio.co.uk/highlights/eddys-good-news-201109560317,virginradio.co.uk,export_policy,garlic minimum export price India,
,Eddy Good News,https://virginradio.co.uk/highlights/eddys-good-news-201006560317,virginradio.co.uk,export_policy,garlic minimum export price India,
,Palm oil is unavoidable . Can it be sustainable ? ,https://www.nationalgeographic.com.au/nature/palm-oil-is-unavoidable-can-it-be-sustainable.aspx,nationalgeographic.com.au,export_policy,garlic minimum export price India,
,Why the BJP will bear the brunt of the farmer distress in Rajasthan,https://caravanmagazine.in/agriculture/bjp-bear-brunt-farmers-distress-rajasthan,caravanmagazine.in,export_policy,garlic minimum export price India,
,Spotlight : Indian farmers await govt policies to yield rosy results - Xinhua,http://www.xinhuanet.com/english/2018-12/05/c_137652624.htm,xinhuanet.com,export_policy,garlic minimum export price India,
,Perry Anderson · After Nehru · LRB 2 August 2012,https://www.lrb.co.uk/v34/n15/perry-anderson/after-nehru,lrb.co.uk,export_policy,garlic minimum export price India,
,Bitter harvest - Frontline,https://www.frontline.in/cover-story/bitter-harvest/article9946260.ece,frontline.in,export_policy,garlic minimum export price India,
,"European Court of Human Rights Rules Insulting Islam Prophet  Not freedom of Expression , Islamic World News , New Age I",http://www.newageislam.com/islamic-world-news/new-age-islam-news-bureau/european-court-of-human-righ,newageislam.com,export_policy,garlic minimum export price India,
,This is the Opposition Leader response to the Budget,https://www.trinidadexpress.com/news/local/this-is-the-opposition-leader-s-response-to-the-budget/ar,trinidadexpress.com,export_policy,garlic minimum export price India,
,"In - Depth | When onion made India cry : How onion price rise affects politics , business and the common man",https://www.moneycontrol.com/news/india/in-depth-when-onion-made-india-cry-how-onion-price-rise-affe,moneycontrol.com,export_policy,garlic minimum export price India,
,"Onion prices will stay high for some time ; restrain or abstain like Sheikh Hasina , Nirmala Sitharaman",https://www.firstpost.com/business/onion-prices-will-stay-high-for-some-time-restrain-or-abstain-lik,firstpost.com,export_policy,garlic minimum export price India,
,Dont drive Indian farmers to suicide through RCEP,https://www.downtoearth.org.in/blog/economy/don-t-drive-indian-farmers-to-suicide-through-rcep-67565,downtoearth.org.in,export_policy,garlic minimum export price India,
,Onion prices back to Tk120 a kilo,http://www.dhakatribune.com/business/2019/10/27/onion-prices-back-to-tk120-a-kilo,dhakatribune.com,export_policy,garlic minimum export price India,
,From Plate to Plough : Time to TOP up | The Indian Express,https://indianexpress.com/article/opinion/columns/tomatoes-onions-potatoes-price-hike-indian-farmers,indianexpress.com,export_policy,garlic minimum export price India,
,Onion : A problem of plenty : India Onion mess - The Economic Times,https://economictimes.indiatimes.com/news/economy/agriculture/a-problem-of-plenty-indias-onion-mess/,economictimes.indiatimes.com,export_policy,garlic minimum export price India,
,A problem of plenty : India Onion mess - The Economic Times,http://articles.economictimes.indiatimes.com/news/economy/agriculture/a-problem-of-plenty-indias-oni,articles.economictimes.indiatimes.com,export_policy,garlic minimum export price India,
,Onionomics : Peeling back the layers,https://www.dailypioneer.com/2023/columnists/onionomics--peeling-back-the-layers.html,dailypioneer.com,export_policy,garlic minimum export price India,
,Inside India race for the GI tag,https://www.thehindu.com/life-and-style/inside-india-race-gi-tag-geographical-indication-policy/arti,thehindu.com,export_policy,garlic minimum export price India,
,Review import demand for 7 items,https://www.thedailystar.net/business/global-economy/indian/news/review-import-demand-7-items-320702,thedailystar.net,china_supply,garlic import China India,
,India says the quantity Bangladesh seeks is too high,https://www.thedailystar.net/business/economy/news/india-says-the-quantity-bangladesh-seeks-too-high,thedailystar.net,china_supply,garlic import China India,
,VIETNAM BUSINESS NEWS DECEMBER 22,https://vietnamnet.vn/en/vietnam-business-news-december-22-2093355.html,vietnamnet.vn,china_supply,garlic import China India,
,What we need to grow - Newspaper,https://www.dawn.com/news/1725278/what-we-need-to-grow,dawn.com,china_supply,garlic import China India,
,Growing garlic - Newspaper,https://www.dawn.com/news/1723610/growing-garlic,dawn.com,china_supply,garlic import China India,
,111 new restaurants in Dubai,https://www.timeoutdubai.com/news/new-restaurants-in-dubai,timeoutdubai.com,china_supply,garlic import China India,
,Dehydrated Garlic Market Size To Boost USD $2 . 9 Billion By 2 ... ,https://menafn.com/1105128745/Dehydrated-Garlic-Market-Size-To-Boost-USD-29-Billion-By-2027-CAGR-36-,menafn.com,china_supply,garlic import China India,
,Turn to Tara : Study shows dangerous levels of heavy metals in spices,https://westchester.news12.com/turn-to-tara-study-shows-dangerous-levels-of-heavy-metals-in-spices,westchester.news12.com,china_supply,garlic import China India,
,Coriander : The unsung hero of Indian cuisine,https://www.bbc.com/travel/article/20221102-coriander-the-unsung-hero-of-indian-cuisine,bbc.com,china_supply,garlic import China India,
,How Indian families took over the Antwerp diamond trade from orthodox Jews,https://scroll.in/article/743324/how-indian-families-took-over-the-antwerp-diamond-trade-from-orthod,scroll.in,china_supply,garlic import China India,
,Addressing the Arakan Army : Bangladesh Should Focus On Myanmar New Reality – OpEd – Eurasia Review,https://www.eurasiareview.com/30122024-addressing-the-arakan-army-bangladesh-should-focus-on-myanmar,eurasiareview.com,china_supply,garlic import China India,
,Newton County Times Outhouse Companion - Newton County Times,"http://newtoncountytimes.com/stories/newton-county-times-outhouse-companion,160563",newtoncountytimes.com,china_supply,garlic import China India,
,MP : Congress holds protest over farmer issue in Indore,https://www.bignewsnetwork.com/news/274854879/mp-congress-holds-protest-over-farmers-issue-in-indore,bignewsnetwork.com,china_supply,garlic import China India,
,MP : Congress holds protest over farmer issue in Indore,https://aninews.in/news/national/politics/mp-congress-holds-protest-over-farmers-issue-in-indore2024,aninews.in,china_supply,garlic import China India,
,Farmers protest in Indore against substandard Chinese garlic imports,https://www.prokerala.com/news/articles/a1591322.html,prokerala.com,china_supply,garlic import China India,
,"UPSC Key - 6th Dec 2024 : India - China Border Dispute , Adani Green Solar Power and Potato production",https://indianexpress.com/article/upsc-current-affairs/upsc-key-india-china-border-dispute-adani-gre,indianexpress.com,china_supply,garlic import China India,
,Tariffs cuts aid NZ growers,https://www.interest.co.nz/rural-news/131062/gradual-and-multi-speed-fall-tariffs-helping-horticultu,interest.co.nz,china_supply,garlic import China India,
,Newton County Times Outhouse Companion - Newton County Times,"http://newtoncountytimes.com/stories/newton-county-times-outhouse-companion,157972",newtoncountytimes.com,china_supply,garlic import China India,
,Newton County Times Outhouse Companion - Newton County Times,"http://newtoncountytimes.com/stories/newton-county-times-outhouse-companion,157291",newtoncountytimes.com,china_supply,garlic import China India,
,Newton County Times Outhouse Companion - Newton County Times,"http://newtoncountytimes.com/stories/newton-county-times-outhouse-companion,156610",newtoncountytimes.com,china_supply,garlic import China India,
,Newton County Times Outhouse Companion - Newton County Times,"http://newtoncountytimes.com/stories/newton-county-times-outhouse-companion,152858",newtoncountytimes.com,china_supply,garlic import China India,
,India aims to cut fruit imports and focus on horticulture exports,https://www.freshplaza.com/north-america/article/9829088/india-aims-to-cut-fruit-imports-and-focus-o,freshplaza.com,china_supply,garlic import China India,
,FNB News - India - Source of 75 of 109 different types of spices,http://www.fnbnews.com/Top-News/india--source-of-75-of-109-different-types-of-spices-86474,fnbnews.com,china_supply,garlic import China India,
,Iran War Threatens Global Food Security as Gulf Fertiliser Supply Crisis Deepens,https://www.potatopro.com/news/2026/iran-war-threatens-global-food-security-gulf-fertiliser-supply-c,potatopro.com,china_supply,garlic import China India,
,"Global Dehydrated Meat Snacks Market Forecast 2026 - 2036 : USD 1 . 56B to USD 3 . 78B | North America Leads , Asia Paci",https://www.finanznachrichten.de/nachrichten-2026-02/67732023-global-dehydrated-meat-snacks-market-f,finanznachrichten.de,china_supply,garlic import China India,
,Newton County Time Outhouse Companion - Newton County Times,"http://newtoncountytimes.com/stories/newton-county-times-outhouse-companion,121067",newtoncountytimes.com,china_supply,garlic import China India,
,Of traditions and culinary art at this new Chinese restaurant in Mumbai,https://www.thehindu.com/food/dining/of-traditions-and-culinary-art-at-this-new-chinese-restaurant-i,thehindu.com,china_supply,garlic import China India,
,Newton County Time Outhouse Companion - Newton County Times,"http://newtoncountytimes.com/stories/newton-county-times-outhouse-companion,119063",newtoncountytimes.com,china_supply,garlic import China India,
,Rice production in china – Talk Vietnam,https://www.talkvietnam.com/tag/rice-production-in-china/,talkvietnam.com,china_supply,garlic import China India,
,  Onion prices have risen sharply recently  ,https://www.freshplaza.com/asia/article/9573966/onion-prices-have-risen-sharply-recently/,freshplaza.com,china_supply,garlic import China India,
,Newton County Time Outhouse Companion - Newton County Times,"http://newtoncountytimes.com/stories/newton-county-times-outhouse-companion,115330",newtoncountytimes.com,china_supply,garlic import China India,
,Food Safety and Food Security in Saint Lucia - St . Lucia News From The Voice,https://www.thevoiceslu.com/2023/10/food-safety-and-food-security-in-saint-lucia/,thevoiceslu.com,china_supply,garlic import China India,
,Newton County Time Outhouse Companion - Newton County Times,"http://newtoncountytimes.com/stories/newton-county-times-outhouse-companion,113455",newtoncountytimes.com,china_supply,garlic import China India,
,"Sauces , Dressings , and Condiments Market Set to Surpass USD",https://www.globenewswire.com/news-release/2025/10/31/3178246/0/en/Sauces-Dressings-and-Condiments-M,globenewswire.com,china_supply,garlic import China India,
,CITY GUIDE 2017,https://www.cityweekly.net/guidescity-guide/city-guide-2017-3983790,cityweekly.net,china_supply,garlic import China India,
,BEST of UTAH 2024,https://www.cityweekly.net/best-of-utah/best-of-utah-2024-22286728,cityweekly.net,china_supply,garlic import China India,
,"Sajid Javid , united kingdom Home Secretary Says Most Paedophiles in Country Are Of Pakistani Descent , Islamic World Ne","http://www.newageislam.com/islamic-world-news/new-age-islam-news-bureau/sajid-javid,-uk-home-secreta",newageislam.com,price_spike,garlic price rise India,
,Jain Irrigation Systems Q2 FY19 Earnings Conference Call,https://www.moneycontrol.com/news/business/earnings/jain-irrigation-systems-q2-fy19-earnings-confere,moneycontrol.com,price_spike,garlic price rise India,
,Prices And Fares : A Peep Into Old Kashmir – Countercurrents,https://countercurrents.org/2018/12/18/prices-and-fares-a-peep-into-old-kashmir/,countercurrents.org,price_spike,garlic price rise India,
,Playing Hard To Get To : Why Melbourne Should Be Your Next Culinary Destination,https://www.esquire.com/uk/food-drink/a25423056/playing-hard-to-get-to-why-melbourne-should-be-your-,esquire.com,price_spike,garlic price rise India,
,"Farm distress , low literacy , high infant mortality : The cocktail of troubles ailing Madhya Pradesh",https://scroll.in/article/903779/farm-distress-low-literacy-high-infant-mortality-the-cocktail-of-tr,scroll.in,price_spike,garlic price rise India,
,Explained : Why farmers are angry in India fastest - growing farm economy,https://www.business-standard.com/article/economy-policy/explained-why-farmers-are-angry-in-india-s-,business-standard.com,price_spike,garlic price rise India,
,"Why Thousands Of Farmers Marched To Delhi , Kolkata And Mumbai : Answers And Anger In India Fastest - Growing Farm Econo",https://www.indiaspend.com/why-thousands-of-farmers-marched-to-delhi-kolkata-and-mumbai-answers-and-,indiaspend.com,price_spike,garlic price rise India,
,"India Best Agriculture Growth Over 8 Years , But Madhya Pradesh Is",http://www.sify.com/finance/indias-best-agriculture-growth-over-8-years-but-madhya-pradesh-is-still-,sify.com,price_spike,garlic price rise India,
,"MP reports best agricultural growth over 8 years , but farm unrest prevails",https://www.business-standard.com/article/current-affairs/mp-reports-best-agricultural-growth-over-8,business-standard.com,price_spike,garlic price rise India,
,"India Best Agriculture Growth Over 8 Years , But Madhya Pradesh Is Still  Bimaru  |",https://www.indiaspend.com/indias-best-agriculture-growth-over-8-years-but-madhya-pradesh-is-still-b,indiaspend.com,price_spike,garlic price rise India,
,Why Are Public Health Officials Playing Dumb,https://www.lewrockwell.com/2018/11/bill-sardi/why-are-public-health-officials-playing-dumb-over-the,lewrockwell.com,price_spike,garlic price rise India,
,Sri Lanka : Why this is Lonely Planet top destination for 2019,http://www.traveller.com.au/sri-lanka-why-this-is-lonely-planets-top-destination-for-2019-h1783b,traveller.com.au,price_spike,garlic price rise India,
,Gift shopping ? No problem just fill in the blanks,http://www.latimes.com/projects/la-gift-guide-2018/,latimes.com,price_spike,garlic price rise India,
,"European Court of Human Rights Rules Insulting Islam Prophet  Not freedom of Expression , Islamic World News , New Age I",http://www.newageislam.com/islamic-world-news/european-court-of-human-rights-rules-insulting-islam-s,newageislam.com,price_spike,garlic price rise India,
,BUSINESS NEWS IN BRIEF 20 / 10 - News VietNamNet,https://english.vietnamnet.vn/fms/business/210177/business-news-in-brief-20-10.html,english.vietnamnet.vn,price_spike,garlic price rise India,
,50 great Auckland restaurants where you can eat well for less than $50,https://www.noted.co.nz/dining/auckland-eats/auckland-restaurants-best-under-50-metro/,noted.co.nz,price_spike,garlic price rise India,
,Best of Santa Barbara® 2018 : Eating,http://www.independent.com/news/2018/oct/18/best-santa-barbara-2018-eating/,independent.com,price_spike,garlic price rise India,
,"Tom Sietsema top restaurants in Washington , D . C .: Fall 2018",https://www.washingtonpost.com/graphics/2018/food/dc-fall-restaurant-guide/,washingtonpost.com,price_spike,garlic price rise India,
,"Fan Bingbing , Australia , Indonesia : Your Thursday Briefing",https://www.nytimes.com/2018/10/03/briefing/fan-bingbing-australia-indonesia.html,nytimes.com,price_spike,garlic price rise India,
,Edmonds Restaurant News : Farm,http://myedmondsnews.com/2017/12/edmonds-restaurant-news-farm-table-dining-snohomish-filipino-asian-,myedmondsnews.com,price_spike,garlic price rise India,
,8am,https://www.1057fmthefan.com/media/audio-channel/8am-bucks-struggles-nba-popularity,1057fmthefan.com,price_spike,garlic price rise India,
,8am,http://www.1057fmthefan.com/media/audio-channel/8am-bucks-struggles-nba-popularity,1057fmthefan.com,price_spike,garlic price rise India,
,How to revitalise your gut and stop killing off microbes,http://www.noted.co.nz/health/health/how-to-revitalise-your-gut-and-stop-killing-off-microbes/,noted.co.nz,price_spike,garlic price rise India,
,North Korea Cut Off,https://wn.com/North_Korea_CUT_OFF_-_Petrol_Supply_Eliminated_-_UN_Have_Imposed_New_Sanctions_On_Nor,wn.com,price_spike,garlic price rise India,
,Europe is a growth market for exotic citrus varieties,http://www.freshplaza.com/article/186985/Europe-is-a-growth-market-for-exotic-citrus-varieties,freshplaza.com,price_spike,garlic price rise India,
,Vietnamese passion fruit distinctive from Colombian variety,http://www.freshplaza.com/article/186861/Vietnamese-passion-fruit-distinctive-from-Colombian-variety,freshplaza.com,price_spike,garlic price rise India,
,Alert Homeland Security Constitution Free Zone,https://wn.com/Alert_Homeland_Security_Constitution_free_zone,wn.com,price_spike,garlic price rise India,
,"The DVD Wrapup : Trip to Spain , Lucky Goat , Viceroy House , Victoria & Abdul , Manolo and more « Movie City News",http://moviecitynews.com/2017/12/the-dvd-wrapup-trip-to-spain-lucky-goat-viceroy-house-victoriaabdul,moviecitynews.com,price_spike,garlic price rise India,
,June 2014 – Just another WordPress site,http://www.sabhlokcity.com/2014/06/,sabhlokcity.com,price_spike,garlic price rise India,
,Belgium exports more vegetables,http://www.freshplaza.com/article/186439/Belgium-exports-more-vegetables,freshplaza.com,price_spike,garlic price rise India,
,North America Garlic Seeds Market Overview to 2021,https://www.pr-inside.com/north-america-garlic-seeds-market-overview-to-2021-r4666015.htm,pr-inside.com,price_spike,garlic price rise India,
,US : Brussels sprouts continue to see jump in demand,http://www.freshplaza.com/article/186424/US-Brussels-sprouts-continue-to-see-jump-in-demand,freshplaza.com,price_spike,garlic price rise India,
,Page not found,https://www.naturalnews.com/2017-12-08-wintrich-years-ago-my-grandfather-fought-the-nazis-ill-keep-h,naturalnews.com,price_spike,garlic price rise India,
,Page not found,https://www.naturalnews.com/2017-12-08-good-fats-found-to-inhibit-growth-of-bad-bacteria-in-the-gut-,naturalnews.com,price_spike,garlic price rise India,
,China : Garlic export price continues to drop,http://www.freshplaza.com/article/186252/China-Garlic-export-price-continues-to-drop,freshplaza.com,price_spike,garlic price rise India,
,"Spanish onions cant win on costs , but quality and size make up for it","http://www.freshplaza.com/article/186290/Spanish-onions-cant-win-on-costs,-but-quality-and-size-make",freshplaza.com,price_spike,garlic price rise India,
,Around The  Sphere – The Moderate Voice,http://themoderatevoice.com/around-the-sphere/,themoderatevoice.com,price_spike,garlic price rise India,
,Chris Townsend Show,http://www.957thegame.com/media/audio-channel/chris-townsend-show-hour-2-29,957thegame.com,price_spike,garlic price rise India,
,"GST : Prices go up on menus at QSRs despite cut in GST , Retail News , ET Retail",https://retail.economictimes.indiatimes.com/news/food-entertainment/food-services/prices-go-up-on-me,retail.economictimes.indiatimes.com,price_spike,garlic price rise India,
,3PM,http://www.1057fmthefan.com/media/audio-channel/3pm-has-hundley-been-good-enough,1057fmthefan.com,price_spike,garlic price rise India,
,Prices go up on menus at QSRs despite cut in GST,http://articles.economictimes.indiatimes.com/industry/cons-products/food/prices-go-up-on-menus-at-qs,articles.economictimes.indiatimes.com,price_spike,garlic price rise India,
,GST : Prices go up on menus at QSRs despite cut in GST,https://economictimes.indiatimes.com/industry/cons-products/food/prices-go-up-on-menus-at-qsrs-despi,economictimes.indiatimes.com,price_spike,garlic price rise India,
,Urban Milwaukee » » Jeramey Jannene,https://urbanmilwaukee.com/author/jeramey/,urbanmilwaukee.com,price_spike,garlic price rise India,
,Pomegranate power,http://www.mypalmbeachpost.com/lifestyles/food--cooking/pomegranate-power/2T8d0Ix0OZPwWHdlWGUbqJ/,mypalmbeachpost.com,price_spike,garlic price rise India,
,Disruptive potato breeder Solynta secures 16 million in backing,http://www.freshplaza.com/article/185777/Disruptive-potato-breeder-Solynta-secures-%8016-million-in-,freshplaza.com,price_spike,garlic price rise India,
,Jordan : Significant rise of potato and cucumber prices,http://www.freshplaza.com/article/185720/Jordan-Significant-rise-of-potato-and-cucumber-prices,freshplaza.com,price_spike,garlic price rise India,
,"This festive season , swop logcake for chiku ?, Opinion News & Top Stories",http://www.straitstimes.com/opinion/this-festive-season-swop-logcake-for-chiku,straitstimes.com,price_spike,garlic price rise India,
,Brexit doesnt scare Dutch onion exporters,http://www.freshplaza.com/article/185348/Brexit-doesnt-scare-Dutch-onion-exporters,freshplaza.com,price_spike,garlic price rise India,
,BUSINESS IN BRIEF 23 / 11,http://english.vietnamnet.vn/fms/business/190757/business-in-brief-23-11.html,english.vietnamnet.vn,price_spike,garlic price rise India,
,Yemen Press Reader 359 : ǀ Jemenkrieg,https://www.freitag.de/autoren/dklose/jemenkrieg-mosaik-359-yemen-war-mosaic-359,freitag.de,price_spike,garlic price rise India,
,The Origins of 5 International Food Staples,http://mentalfloss.com/article/503179/origins-5-international-food-staples,mentalfloss.com,price_spike,garlic price rise India,
,Ballet By Sharapova,https://wn.com/Ballet_by_Sharapova,wn.com,price_spike,garlic price rise India,
,Near East Collection : Middle Eastern & Islamic Cuisine,https://www.library.yale.edu/neareast/exhibitions/cuisine.html,library.yale.edu,price_spike,garlic price rise India,
,"Fleeing ethnic cleansing in Myanmar , the Rohingya find no warm welcome in India . ",http://www.slate.com/articles/news_and_politics/roads/2017/11/fleeing_ethnic_cleansing_in_myanmar_th,slate.com,price_spike,garlic price rise India,
,Buck and Reimer,http://www.weei.com/media/audio-channel/buck-and-reimer-sergio-dipp-era-has-new-life-buck-predicts-f,weei.com,price_spike,garlic price rise India,
,Regaining Losses,https://wn.com/Regaining_Losses,wn.com,price_spike,garlic price rise India,
,Taiwan 2017 show blog : Asia  most advanced  factory set for 2018 launch,http://www.intrafish.com/events/1380041/taiwan-2017-show-blog-asias-most-advanced-factory-set-for-20,intrafish.com,price_spike,garlic price rise India,
,"US potato production could be down by 3 %, USDA report reveals","http://www.freshplaza.com/article/184678/US-potato-production-could-be-down-by-3-procent,-USDA-repor",freshplaza.com,price_spike,garlic price rise India,
,Study of microstructural and thermal properties of 21 potato varieties,http://www.freshplaza.com/article/184565/Study-of-microstructural-and-thermal-properties-of-21-potat,freshplaza.com,price_spike,garlic price rise India,
,Study shows climate change could devastate Peru potato crop,http://www.freshplaza.com/article/184627/Study-shows-climate-change-could-devastate-Perus-potato-cro,freshplaza.com,price_spike,garlic price rise India,
,"Methyl mercaptan market is Anticipated to Grow Owing To Rising Applications In Catalysts , Dyes , Fungicides & Pesticide",https://www.openpr.com/news/808845/Methyl-mercaptan-market-is-Anticipated-to-Grow-Owing-To-Rising-Ap,openpr.com,price_spike,garlic price rise India,
,The Financial Express,http://thefinancialexpress.com.bd/views/opinions/volatile-kitchen-market-1510156991,thefinancialexpress.com.bd,price_spike,garlic price rise India,
,Short green bean supplies result in tight market,http://www.freshplaza.com/article/184518/Short-green-bean-supplies-result-in-tight-market,freshplaza.com,price_spike,garlic price rise India,
,Bitter harvest,http://www.frontline.in/cover-story/bitter-harvest/article9946260.ece,frontline.in,price_spike,garlic price rise India,
,4PM,http://www.1057fmthefan.com/media/audio-channel/4pm-bucks-packers-reaction-calls,1057fmthefan.com,price_spike,garlic price rise India,
,The price of large onions is rising every week,http://www.freshplaza.com/article/184456/The-price-of-large-onions-is-rising-every-week,freshplaza.com,price_spike,garlic price rise India,
,US : Idaho sees lower potato yields but good quality,http://www.freshplaza.com/article/184504/US-Idaho-sees-lower-potato-yields-but-good-quality,freshplaza.com,price_spike,garlic price rise India,
,Fast food restaurants driving increased demand for frozen potatoes in Japan,http://www.freshplaza.com/article/184472/Fast-food-restaurants-driving-increased-demand-for-frozen-p,freshplaza.com,price_spike,garlic price rise India,
,Knight Club : A History of Medieval Times Dinner Theater,http://mentalfloss.com/article/501000/knight-club-history-medieval-times-dinner-theater,mentalfloss.com,price_spike,garlic price rise India,
,"Fortified Edible Oil Market By Key Players , Share , Revenue , Trends , Organizations Size , Growth , Opportunities and ",https://www.marketwatch.com/press-release/fortified-edible-oil-market-by-key-players-share-revenue-t,marketwatch.com,price_spike,garlic price rise India,
,Why this is not CSR : A study of 5 major corporates,https://www.downtoearth.org.in/blog/governance/why-this-is-not-csr-a-study-of-5-major-corporates-745,downtoearth.org.in,price_spike,garlic price rise India,
,"Bite dance : A look at how the pandemic has changed what we eat , who feeds us and how",https://www.hindustantimes.com/more-lifestyle/bite-dance-a-look-at-how-the-pandemic-has-changed-what,hindustantimes.com,price_spike,garlic price rise India,
,"Fortified Edible Oil Market Trends , Size , Growth Insight , Share , Competitive Analysis , Regional , And Global Indust",https://www.marketwatch.com/press-release/fortified-edible-oil-market-trends-size-growth-insight-sha,marketwatch.com,price_spike,garlic price rise India,
,Procurement Resource Analyses The Production Cost Of Acetylene In Its New Report,https://www.texasguardian.com/news/267146645/procurement-resource-analyses-the-production-cost-of-ac,texasguardian.com,price_spike,garlic price rise India,
,Procurement Resource Analyses The Production Cost Of Acetylene In Its New Report,https://www.sandiegosun.com/news/267146645/procurement-resource-analyses-the-production-cost-of-acet,sandiegosun.com,price_spike,garlic price rise India,
,Procurement Resource Analyses The Production Cost Of Acetylene In Its New Report,https://www.newyorktelegraph.com/news/267146645/procurement-resource-analyses-the-production-cost-of,newyorktelegraph.com,price_spike,garlic price rise India,
,Consumer price inflation for agricultural and rural workers eases a bit,https://www.domain-b.com/economy/general/20201021_workers%20_eases.html,domain-b.com,price_spike,garlic price rise India,
,  Ghee is the new coconut oil : NZ Milkio Foods expanding export markets across US and Middle East,https://www.foodnavigator-asia.com/Article/2020/10/21/Ghee-is-the-new-coconut-oil-NZ-s-Milkio-Foods-,foodnavigator-asia.com,price_spike,garlic price rise India,
,Love in the times of coronavirus : How COVID - 19 has flattened the curve for online dating,https://www.freepressjournal.in/india/love-in-the-times-of-coronavirus-how-covid-19-has-flattened-th,freepressjournal.in,price_spike,garlic price rise India,
,Why It Essential To Empower Women Farmers In Agribusiness Value Chains,https://www.outlookindia.com/website/story/opinion-heres-why-its-essential-to-empower-women-farmers-,outlookindia.com,price_spike,garlic price rise India,
,Vegetable prices in Nepal are skyrocketing,https://www.freshplaza.com/article/9256998/vegetable-prices-in-nepal-are-skyrocketing/,freshplaza.com,price_spike,garlic price rise India,
,"Inflation leaves consumers teary - eyed as pricey onions , food items bite",https://www.orissapost.com/inflation-leaves-consumers-teary-eyed-as-pricey-onions-food-items-bite/,orissapost.com,price_spike,garlic price rise India,
,"  As a leader in production , Spain should try to unite the main cooperatives  ",https://www.freshplaza.com/article/9175918/as-a-leader-in-production-spain-should-try-to-unite-the-m,freshplaza.com,price_spike,garlic price rise India,
,"After onions , edible oil now costlier",https://mumbaimirror.indiatimes.com/news/india/after-onions-edible-oil-now-costlier/articleshow/7291,mumbaimirror.indiatimes.com,price_spike,garlic price rise India,
,"After onions , edible oil now costlier",https://punemirror.indiatimes.com/news/india/after-onions-edible-oil-now-costlier/articleshow/729195,punemirror.indiatimes.com,price_spike,garlic price rise India,
,"After onions and milk , now cooking oil to get costlier",http://www.coastaldigest.com/india/after-onions-and-milk-now-cooking-oil-get-costlier,coastaldigest.com,price_spike,garlic price rise India,
,"After onions , cooking oil gets costlier | morungexpress . com",http://morungexpress.com/after-onions-cooking-oil-gets-costlier,morungexpress.com,price_spike,garlic price rise India,
,"After onions , cooking oil gets costlier",http://www.smetimes.in/smetimes/news/indian-economy-news/2019/Dec/21/after-onions-cooking62251.html,smetimes.in,price_spike,garlic price rise India,
,"After onions , edible oil prices see sharp increase",https://www.thenewsminute.com/article/after-onions-edible-oil-prices-see-sharp-increase-114546,thenewsminute.com,price_spike,garlic price rise India,
,"After onions , cooking oil gets costlier - Daijiworld . com",https://www.daijiworld.com/news/newsDisplay.aspx?newsID=655679,daijiworld.com,price_spike,garlic price rise India,
,"After onions , cooking oil gets costlier - Daijiworld . com",http://www.daijiworld.com/news/newsDisplay.aspx?newsID=655679,daijiworld.com,price_spike,garlic price rise India,
,"After onions , cooking oil gets costlier",https://www.msn.com/en-in/news/other/after-onions-cooking-oil-gets-costlier/ar-BBYdkoX,msn.com,price_spike,garlic price rise India,
,"After onions , cooking oil gets costlier",http://www.bilkulonline.com/after-onions-cooking-oil-gets-costlier/,bilkulonline.com,price_spike,garlic price rise India,
,"After onions , cooking oil gets costlier",https://zeenews.india.com/india/after-onions-cooking-oil-gets-costlier-2253562.html,zeenews.india.com,price_spike,garlic price rise India,
,"Not only onions , prices of edible oil on rise due hike in global rates",https://www.msn.com/en-in/news/other/not-only-onions-prices-of-edible-oil-on-rise-due-hike-in-global,msn.com,price_spike,garlic price rise India,
,"After onions , cooking oil gets costlier",https://economictimes.indiatimes.com/news/economy/agriculture/after-onions-cooking-oil-gets-costlier,economictimes.indiatimes.com,price_spike,garlic price rise India,
,"After onions , cooking oil gets costlier - The Economic Times",http://articles.economictimes.indiatimes.com/news/economy/agriculture/after-onions-cooking-oil-gets-,articles.economictimes.indiatimes.com,price_spike,garlic price rise India,
,"After onion and garlic , edible oil gets costlier now . Here why",https://www.newindianexpress.com/business/2019/dec/21/after-onion-and-garlic-edible-oil-gets-costlie,newindianexpress.com,price_spike,garlic price rise India,
,"After onions , cooking oil gets costlier for aam aadmi - The New Indian Express",https://www.newindianexpress.com/nation/2019/dec/21/after-onions-cooking-oil-gets-costlier-for-aam-a,newindianexpress.com,price_spike,garlic price rise India,
,"After onions and garlic , cooking oil gets costlier by Rs 20 a litre",https://www.orissapost.com/after-onions-and-garlic-cooking-oil-gets-costlier-by-rs-20-a-litre/,orissapost.com,price_spike,garlic price rise India,
,"After onions , cooking oil gets costlier",https://www.prokerala.com/news/articles/a989740.html,prokerala.com,price_spike,garlic price rise India,
,"After onions , cooking oil gets costlier",https://www.timesnownews.com/business-economy/economy/article/after-onions-cooking-oil-gets-costlier,timesnownews.com,price_spike,garlic price rise India,
,Off the cuff : Onions will always rule,https://gulfnews.com/opinion/off-the-cuff-onions-will-always-rule-1.68463194,gulfnews.com,price_spike,garlic price rise India,
,"The Great Indian Onion Crisis : Not Just Us , Gandhi & Patel Loved It Too",https://www.thebetterindia.com/206280/india-onion-price-rise-mulla-do-pyaza-food-gandhi-sardar-patel,thebetterindia.com,price_spike,garlic price rise India,
,Shortfall in production behind onion price rise : Tomar - The Hindu BusinessLine,https://www.thehindubusinessline.com/economy/agri-business/shortfall-in-production-behind-onion-pric,thehindubusinessline.com,price_spike,garlic price rise India,
,Shortfall in production behind onion price rise : Tomar,https://www.business-standard.com/article/pti-stories/shortfall-in-production-behind-onion-price-ris,business-standard.com,price_spike,garlic price rise India,
,Best Movies of the Decade : Top Movies of 2010s,https://www.vulture.com/2019/12/every-movie-of-the-2010s-ranked-sort-of.html,vulture.com,price_spike,garlic price rise India,
,Soaring Food Prices : One - Off Situation Or Structural Issue ? ,https://www.outlookindia.com/website/story/business-news-soaring-food-prices-one-off-situation-or-st,outlookindia.com,price_spike,garlic price rise India,
,"As WTO Dispute Settlement Body Dies a Dysfunctional Death , What Comes Next ? ",https://thewire.in/trade/wto-dispute-settlement-body-defunct,thewire.in,price_spike,garlic price rise India,
,Onion Crisis Reveals How Little the Government Can Do When the Chips Are Down,https://thewire.in/agriculture/onion-crisis-price-rise-storage,thewire.in,price_spike,garlic price rise India,
,"Onion price rise : Try these alternative foods to flavour your dishes | Lifestyle News , The Indian Express",https://indianexpress.com/article/lifestyle/life-style/onion-price-rise-alternatives-flavour-shallot,indianexpress.com,price_spike,garlic price rise India,
,Fair price shops in Kolkata to sell onions at Rs 59 / kg,https://economictimes.indiatimes.com/news/economy/agriculture/fair-price-shops-in-kolkata-to-sell-on,economictimes.indiatimes.com,price_spike,garlic price rise India,
,"In India , onion price hikes , TikTok goes mad",https://technology.inquirer.net/93056/in-india-onion-price-hikes-tiktok-goes-mad,technology.inquirer.net,price_spike,garlic price rise India,
,"  Man who runs this country believes in violence , indiscriminate power : Rahul Gandhi on rising violence",https://www.business-standard.com/article/news-ani/man-who-runs-this-country-believes-in-violence-in,business-standard.com,price_spike,garlic price rise India,
,"  Man who runs this country believes in violence , indiscriminate power : Rahul Gandhi on rising violence",https://aninews.in/news/national/politics/man-who-runs-this-country-believes-in-violence-indiscrimin,aninews.in,price_spike,garlic price rise India,
,"Nirmala Sitharaman dietary preferences do not matter , but onion prices do",https://www.telegraphindia.com/opinion/nirmala-sitharaman-s-dietary-preferences-do-not-matter-but-on,telegraphindia.com,price_spike,garlic price rise India,
,A deep cut in your pocket : Onions being sold for over Rs . 100 per kg throughout the country,https://sabrangindia.in/article/deep-cut-your-pocket-onions-being-sold-over-rs-100-kg-throughout-cou,sabrangindia.in,price_spike,garlic price rise India,
," # SayItLikeNirmalaTai trends on Twitter after Finance Minister says she doesnt eat onions , leaves netizens in splits",https://economictimes.indiatimes.com/magazines/panache/sayitlikenirmalatai-trends-on-twitter-after-f,economictimes.indiatimes.com,price_spike,garlic price rise India,
,"CAB , NRC two sides of same coin , wont implement in Bengal : CM Mamta",https://aninews.in/news/national/general-news/cab-nrc-two-sides-of-same-coin-wont-implement-in-benga,aninews.in,price_spike,garlic price rise India,
,Nirmala Sitharaman Ice - Cream Retort To P Chidambaram Avocado Barb,https://www.ndtv.com/india-news/nirmala-sitharamans-ice-cream-retort-to-p-chidambarams-avocado-barb-,ndtv.com,price_spike,garlic price rise India,
,Eating onion not compulsory : SP leader Azam Khan,https://aninews.in/news/eating-onion-not-compulsory-sp-leader-azam-khan20191205235047/,aninews.in,price_spike,garlic price rise India,
,"Nirmala Sitharaman rejects opposition  elitist  barb over remark on onions , takes dig at Chidambaram | India News",https://timesofindia.indiatimes.com/articleshow/72387921.cms,timesofindia.indiatimes.com,price_spike,garlic price rise India,
,"As onion prices keep up heat , Amit Shah holds meet to take stock | India News , The Indian Express",https://indianexpress.com/article/india/as-onion-prices-keep-up-heat-amit-shah-holds-meet-to-take-st,indianexpress.com,price_spike,garlic price rise India,
,Eating onion not compulsory : SP leader Azam Khan,https://www.indiagazette.com/news/263298395/eating-onion-not-compulsory-sp-leader-azam-khan,indiagazette.com,price_spike,garlic price rise India,
,Eating onion not compulsory : SP leader Azam Khan,https://aninews.in/news/national/politics/eating-onion-not-compulsory-sp-leader-azam-khan20191205235,aninews.in,price_spike,garlic price rise India,
,South Asia Daily : Of onions and India,https://southasia.typepad.com/south_asia_daily/2019/12/of-onions-and-india.html,southasia.typepad.com,price_spike,garlic price rise India,
,"Sitharaman rejects opposition  elitist  barb over remark on onions , takes dig at Chidambaram | India News",https://timesofindia.indiatimes.com/india/sitharaman-rejects-oppositions-elitist-barb-over-remark-on,timesofindia.indiatimes.com,price_spike,garlic price rise India,
,"Sitharaman rejects elitist barb ; cites Ujjwala , Jan Dhan to say Modi govt not elitist",https://www.business-standard.com/article/pti-stories/sitharaman-rejects-elitist-barb-cites-ujjwala-,business-standard.com,price_spike,garlic price rise India,
,Nirmala Sitharaman slams Opposition for  elitist  jibe against govt,https://www.indiatvnews.com/news/india/nirmala-sitharaman-finance-minister-rajya-sabha-569029,indiatvnews.com,price_spike,garlic price rise India,
,"New Pensacola and Pace restaurants , coffee shops that opened in 2021",https://www.pnj.com/story/entertainment/dining/2021/12/29/new-pensacola-and-pace-restaurants-coffee-,pnj.com,price_spike,garlic price rise India,
,"Natural food Colors Market to grow US$ 2 , 690 . 50 Mn by end of 2027 , Says Coherent Market Insights",https://www.finanznachrichten.de/nachrichten-2021-12/54804228-natural-food-colors-market-to-grow-us-,finanznachrichten.de,price_spike,garlic price rise India,
,"Natural food Colors Market to grow US$ 2 , 690 . 50 Mn by end of 2027 , Says Coherent Market Insights",https://www.prnewswire.com:443/news-releases/natural-food-colors-market-to-grow-us-2-690-50-mn-by-en,prnewswire.com,price_spike,garlic price rise India,
,A Rock and a Hard Place in India,https://www.counterpunch.org/2021/11/26/a-rock-and-a-hard-place-in-india/,counterpunch.org,price_spike,garlic price rise India,
,A Rock and a Hard Place in India | Dissident Voice,https://dissidentvoice.org/2021/11/a-rock-and-a-hard-place-in-india/,dissidentvoice.org,price_spike,garlic price rise India,
,Maharashtra : The Majestic Fort of Janjira - Outlook Traveller,https://www.outlookindia.com/outlooktraveller/explore/story/58854/maharashtra-majestic-fort-janjira,outlookindia.com,price_spike,garlic price rise India,
,5 Best Testosterone Boosters 2021 : Top Testosterone Supplements,https://www.healthcanal.com/reviews/best-testosterone-boosters,healthcanal.com,price_spike,garlic price rise India,
,Reader Choice 2021 : The best places to eat and drink in Toronto,https://nowtoronto.com/food-and-drink/readers-choice-2021-the-best-places-to-eat-and-drink-in-toront,nowtoronto.com,price_spike,garlic price rise India,
,Who ordered the chicken spendaloo ? Why curry prices are set to soar,https://www.theguardian.com/food/2021/nov/09/who-ordered-the-chicken-spendaloo-why-curry-prices-are-,theguardian.com,price_spike,garlic price rise India,
,"Chicago Craft Beer Weekend , October 22 - 24",https://www.chicagonow.com/the-beeronaut/2021/10/chicago-craft-beer-weekend-october-22-24/,chicagonow.com,price_spike,garlic price rise India,
,Onion cheaper in Noida than Delhi,https://www.prokerala.com/news/articles/a1207968.html,prokerala.com,price_spike,garlic price rise India,
,"Dehydrated Garlic Market to See Huge Growth by 2027 | Henan Sunny Foods , Oceanic Foods , LIMING Food",https://www.newyorktelegraph.com/news/271463244/dehydrated-garlic-market-to-see-huge-growth-by-2027-,newyorktelegraph.com,price_spike,garlic price rise India,
,"Dehydrated Garlic Market to See Huge Growth by 2027 | Henan Sunny Foods , Oceanic Foods , LIMING Food",https://www.sandiegosun.com/news/271463244/dehydrated-garlic-market-to-see-huge-growth-by-2027--hena,sandiegosun.com,price_spike,garlic price rise India,
,"Dehydrated Garlic Market to See Huge Growth by 2027 | Henan Sunny Foods , Oceanic Foods , LIMING Food",https://www.texasguardian.com/news/271463244/dehydrated-garlic-market-to-see-huge-growth-by-2027--he,texasguardian.com,price_spike,garlic price rise India,
,How pumpkin pie spice was a recipe for changing world history,https://www.dailyrecord.com/story/life/2021/10/05/how-pumpkin-spice-changed-history-world/5990748001,dailyrecord.com,price_spike,garlic price rise India,
,Pumpkin spice : How a mash - up of Asian spice become a hallmark of fall,https://www.freep.com/story/life/2021/10/06/how-pumpkin-spice-changed-history-world/6018055001/,freep.com,price_spike,garlic price rise India,
,Pumpkin spice : How a mash - up of Asian spice become a hallmark of fall,https://www.usatoday.com/story/life/2021/10/06/how-pumpkin-spice-changed-history-world/6018055001/,usatoday.com,price_spike,garlic price rise India,
,How pumpkin pie spice was a recipe for changing world history,https://www.publicopiniononline.com/story/life/2021/10/05/how-pumpkin-spice-changed-history-world/59,publicopiniononline.com,price_spike,garlic price rise India,
,How pumpkin pie spice was a recipe for changing world history,https://www.recordonline.com/story/life/2021/10/05/how-pumpkin-spice-changed-history-world/599074800,recordonline.com,price_spike,garlic price rise India,
,How pumpkin pie spice was a recipe for changing world history,https://www.dailyamerican.com/story/life/2021/10/05/how-pumpkin-spice-changed-history-world/59907480,dailyamerican.com,price_spike,garlic price rise India,
,How pumpkin pie spice was a recipe for changing world history,https://www.timesonline.com/story/life/2021/10/05/how-pumpkin-spice-changed-history-world/5990748001,timesonline.com,price_spike,garlic price rise India,
,How pumpkin pie spice was a recipe for changing world history,https://www.heraldmailmedia.com/story/life/2021/10/05/how-pumpkin-spice-changed-history-world/599074,heraldmailmedia.com,price_spike,garlic price rise India,
,How pumpkin pie spice was a recipe for changing world history,https://www.ldnews.com/story/life/2021/10/05/how-pumpkin-spice-changed-history-world/5990748001/,ldnews.com,price_spike,garlic price rise India,
,How pumpkin spice changed the history of world,https://www.ydr.com/story/life/2021/10/05/how-pumpkin-spice-changed-history-world/5990748001/,ydr.com,price_spike,garlic price rise India,
,How pumpkin spice changed the history of world,https://www.therecordherald.com/story/life/2021/10/05/how-pumpkin-spice-changed-history-world/599074,therecordherald.com,price_spike,garlic price rise India,
,How pumpkin spice changed the history of world,https://www.ellwoodcityledger.com/story/life/2021/10/05/how-pumpkin-spice-changed-history-world/5990,ellwoodcityledger.com,price_spike,garlic price rise India,
,How pumpkin spice changed the history of world,https://www.poconorecord.com/story/life/2021/10/05/how-pumpkin-spice-changed-history-world/599074800,poconorecord.com,price_spike,garlic price rise India,
,How pumpkin spice changed the history of world,https://www.lohud.com/story/life/2021/10/05/how-pumpkin-spice-changed-history-world/5990748001/,lohud.com,price_spike,garlic price rise India,
,How pumpkin spice changed the history of world,https://www.theintell.com/story/life/2021/10/05/how-pumpkin-spice-changed-history-world/5990748001/,theintell.com,price_spike,garlic price rise India,
,How pumpkin spice changed the history of world,https://www.njherald.com/story/life/2021/10/05/how-pumpkin-spice-changed-history-world/5990748001/,njherald.com,price_spike,garlic price rise India,
,How pumpkin spice changed the history of world,https://www.buckscountycouriertimes.com/story/life/2021/10/05/how-pumpkin-spice-changed-history-worl,buckscountycouriertimes.com,price_spike,garlic price rise India,
,How pumpkin spice changed the history of world,https://www.delawareonline.com/story/life/2021/10/05/how-pumpkin-spice-changed-history-world/5990748,delawareonline.com,price_spike,garlic price rise India,
,How pumpkin spice changed the history of world,https://www.app.com/story/life/2021/10/05/how-pumpkin-spice-changed-history-world/5990748001/,app.com,price_spike,garlic price rise India,
,Consumer price inflation for industrial workers up at 4 . 98 % in November,https://www.domain-b.com/economy/economy-general/consumer-price-inflation-for-industrial-workers-up-,domain-b.com,price_spike,garlic price rise India,
,"SpaceX Brings Much - Needed Mustard , Christmas Presents to Crew of International Space Station - New recipes",https://rw.qazvin.net/9899-spacex-brings-much-needed-mustard-christmas-presents.html,rw.qazvin.net,price_spike,garlic price rise India,
,"Goa : Sun , sand & all that spice",https://www.financialexpress.com/lifestyle/goa-sun-sand-and-all-that-spice/3346092/,financialexpress.com,price_spike,garlic price rise India,
,"Retail inflation for farm workers rises to 7 . 37 % in November , 7 . 13 % for rural labourers",https://www.thehindu.com/business/Economy/retail-inflation-for-farm-workers-rises-to-737-in-november,thehindu.com,price_spike,garlic price rise India,
,"December 19 , 2023 – Arts Etc . - International Examiner",https://iexaminer.org/december-19-2023-arts-etc/,iexaminer.org,price_spike,garlic price rise India,
,"After Tomato , Onion , Now Garlic Prices Rise Across Cities : Price Crosses Rs 400 Per KG in Several Places",https://www.india.com/business/garlic-price-rise-latest-update-after-tomato-onion-now-garlic-prices-,india.com,price_spike,garlic price rise India,
,Garlic prices hit ₹400 / kg : Why have prices of spice doubled in last few days ? ,https://www.hindustantimes.com/business/garlic-prices-hit-rs-400-kg-why-have-prices-of-spice-doubled,hindustantimes.com,price_spike,garlic price rise India,
,"Agri Picks Report December 11 , 2023 : Geojit",https://www.moneycontrol.com/news/business/agri-picks-report-december-11-2023-geojit-11884581.html,moneycontrol.com,price_spike,garlic price rise India,
,FY24 to mark yet another year of record garlic exports from India,https://www.moneycontrol.com/news/business/fy24-to-mark-yet-another-year-of-record-garlic-exports-fr,moneycontrol.com,price_spike,garlic price rise India,
,"December 1 , 2023 – Arts Etc . - International Examiner",https://iexaminer.org/december-1-2023-arts-etc/,iexaminer.org,price_spike,garlic price rise India,
,Retail inflation : Retail inflation for industrial workers eases to 4 . 45 per cent in October,https://economictimes.indiatimes.com/news/economy/indicators/retail-inflation-for-industrial-workers,economictimes.indiatimes.com,price_spike,garlic price rise India,
,These Entrepreneurs Want to Make South Asian Food an American Pantry Staple,https://www.eater.com/23963868/south-asian-packaged-food-products-peepal-people-doosra-paro,eater.com,price_spike,garlic price rise India,
,"London Playbook PM : In Hunt for tax cuts , spending suffers",https://www.politico.eu/newsletter/london-playbook/london-playbook-pm-in-hunt-for-tax-cuts-spending-,politico.eu,price_spike,garlic price rise India,
,Close one to call : Madhya Pradesh poll could be heading for an epic photo finish,https://economictimes.indiatimes.com/news/elections/assembly-elections/madhya-pradesh-assembly-elect,economictimes.indiatimes.com,price_spike,garlic price rise India,
,"Onion Salt Market : Poised For Striking Growth With A 5 . 8 % CAGR | G - Fresh , Starlight Herb & Spice Co . ",https://menafn.com/1107304118/Onion-Salt-Market-Poised-For-Striking-Growth-With-A-58-CAGR-G-Fresh-St,menafn.com,price_spike,garlic price rise India,
,60+ horrifying Halloween movies to watch for free on Tubi,https://www.foxbangor.com/news/national/60-horrifying-halloween-movies-to-watch-for-free-on-tubi/art,foxbangor.com,price_spike,garlic price rise India,
,BRICS Sweet and Savoury Spreads Market Detailed Analytical Overview by 2020,https://www.pr-inside.com/brics-sweet-and-savoury-spreads-market-detailed-an-r4718900.htm,pr-inside.com,shortage,garlic shortage India,
,New Indian restaurant Dosa & Chutney has opened in Nottingham - and it serves a 4ft family - sized dosa,https://www.nottinghampost.com/whats-on/food-drink/new-indian-restaurant-dosa--2355569,nottinghampost.com,shortage,garlic shortage India,
,TASTE TEST : Mouthwatering sandwiches and other goodies served right at Johnny K ,https://www.nwitimes.com/lifestyles/food-and-cooking/taste-test-mouthwatering-sandwiches-and-other-g,nwitimes.com,shortage,garlic shortage India,
,Indian food : The best dishes in each region,https://www.cnn.com/travel/article/indian-food-dishes/,cnn.com,shortage,garlic shortage India,
,TASTE TEST : Avocado toast at Vibrations a nutritious treat,https://www.nwitimes.com/lifestyles/food-and-cooking/taste-test-avocado-toast-at-vibrations-a-nutrit,nwitimes.com,shortage,garlic shortage India,
,"Lessons from Madhya Pradesh , Telangana elections on what works , what doesnt in solving India water crisis",https://www.firstpost.com/india/lessons-from-madhya-pradesh-telangana-elections-on-what-works-what-d,firstpost.com,shortage,garlic shortage India,
,"Solving India water crisis and overcoming political realities : The cases of Madhya Pradesh , Telangana",https://www.firstpost.com/india/solving-indias-water-crisis-and-overcoming-political-realities-the-c,firstpost.com,shortage,garlic shortage India,
,TASTE TEST : Grab some South - inspired flavor with Toast & Jam take on the Po  Boy,https://www.nwitimes.com/lifestyles/food-and-cooking/taste-test-grab-some-south-inspired-flavor-with,nwitimes.com,shortage,garlic shortage India,
,San Francisco : Where to take out - of - town relatives and guests,https://sf.curbed.com/maps/where-to-do-take-visitors-guests-cool-thanksgiving,sf.curbed.com,shortage,garlic shortage India,
,TASTE TEST : Palatable sushi varieties served up at Musashi,https://www.nwitimes.com/lifestyles/food-and-cooking/taste-test-palatable-sushi-varieties-served-up-,nwitimes.com,shortage,garlic shortage India,
,TASTE TEST : Chow down on a Macedonian burger at Eli Golden Apple in Crown Point,https://www.nwitimes.com/lifestyles/food-and-cooking/taste-test-chow-down-on-a-macedonian-burger-at-,nwitimes.com,shortage,garlic shortage India,
,Madhya Pradesh Elections : From Decade Of Record Farm Growth To Crisis,https://www.bloombergquint.com/elections/madhya-pradesh-elections-from-decade-of-record-farm-growth-,bloombergquint.com,shortage,garlic shortage India,
,TASTE TEST : Find a treasure trove of Asian cuisine at Dragon Bowl,https://www.nwitimes.com/lifestyles/food-and-cooking/taste-test-find-a-treasure-trove-of-asian-cuisi,nwitimes.com,shortage,garlic shortage India,
,7 Staple Cuban Foods you Need to Know About,https://spoonuniversity.com/lifestyle/7-staple-cuban-foods-you-need-to-know-about,spoonuniversity.com,shortage,garlic shortage India,
,7 Cuban Dishes You Absolutely Have to Try,https://www.msn.com/en-us/foodanddrink/foodnews/7-cuban-dishes-you-absolutely-have-to-try/ar-BBP5oSy,msn.com,shortage,garlic shortage India,
,Hunting for mud crabs and cooking blood sausages in Sikkim,https://www.cntraveller.in/story/hunting-mud-crabs-cooking-blood-sausages-sikkim/,cntraveller.in,shortage,garlic shortage India,
,"The best halal food , restaurants and cafes in Singapore",https://thehoneycombers.com/singapore/halal-food-restaurants-singapore/,thehoneycombers.com,shortage,garlic shortage India,
,TASTE TEST : Doc Smokehouse and Craft Bar knows southern - style BBQ,https://www.nwitimes.com/lifestyles/food-and-cooking/taste-test-doc-s-smokehouse-and-craft-bar-knows,nwitimes.com,shortage,garlic shortage India,
,Peanut | encyclopedia article by TheFreeDictionary,http://encyclopedia.tfd.com/Peanut,encyclopedia.tfd.com,shortage,garlic shortage India,
,"59 new restaurants , bars and coffee shops that have opened in Tucson in 2018",https://tucson.com/entertainment/new-restaurants-bars-and-coffee-shops-that-have-opened-in/collectio,tucson.com,shortage,garlic shortage India,
,TASTE TEST : Nihilist Grindhouse brings the beef,https://www.nwitimes.com/lifestyles/food-and-cooking/taste-test-nihilist-grindhouse-brings-the-beef/,nwitimes.com,shortage,garlic shortage India,
,Why London Immigrant Chefs Are Embracing Supper Clubs,https://www.eater.com/2018/10/4/17924886/supper-clubs-london-indian-cooking-asma-khan-immigrant-chef,eater.com,shortage,garlic shortage India,
,"At London South Asian Supper Clubs , Dinner Is Served With a Story",https://www.msn.com/en-us/foodanddrink/foodnews/at-london-e2-80-99s-south-asian-supper-clubs-dinner-,msn.com,shortage,garlic shortage India,
,TASTE TEST : Skillets Bistro is a leader in breakfast fare,https://www.nwitimes.com/lifestyles/food-and-cooking/taste-test-skillets-bistro-is-a-leader-in-break,nwitimes.com,shortage,garlic shortage India,
,Fruit & veg sales at Delhi wholesale market down 30 % due to farmer protest,https://www.freshplaza.com/article/9278074/fruit-veg-sales-at-delhi-s-wholesale-market-down-30-due-t,freshplaza.com,shortage,garlic shortage India,
,"Farmers Protest Impact on Vegetables Sales : Fruits , vegetables sales at Delhi wholesale market down 30 % due to farmer",https://economictimes.indiatimes.com/news/economy/agriculture/fruits-vegetables-sales-at-delhis-whol,economictimes.indiatimes.com,shortage,garlic shortage India,
,Year overview 2020 : September,https://www.freshplaza.com/article/9277601/year-overview-2020-september/,freshplaza.com,shortage,garlic shortage India,
,Year overview 2020 : June,https://www.freshplaza.com/article/9276340/year-overview-2020-june/,freshplaza.com,shortage,garlic shortage India,
,A snapshot of Kasur agricultural sector - Newspaper,https://www.dawn.com/news/1591794/a-snapshot-of-kasurs-agricultural-sector,dawn.com,shortage,garlic shortage India,
,Russia Putin Says No to Lockdown Despite Spiking COVID Cases – New Delhi Times,https://www.newdelhitimes.com/russias-putin-says-no-to-lockdown-despite-spiking-covid-cases/,newdelhitimes.com,shortage,garlic shortage India,
,How the Tories normalised corruption,https://www.thelondoneconomic.com/politics/how-the-tories-normalised-corruption-report/14/10/,thelondoneconomic.com,shortage,garlic shortage India,
,Government says ready to be flexible on tax policies - Top Story,https://www.dailymirror.lk/top_story/Government-says-ready-to-be-flexible-on-tax-policies/155-251003,dailymirror.lk,shortage,garlic shortage India,
,"Parts of Delhi - NCR , Ahmedabad , Punjab Faces Acute Butter Shortage",https://www.india.com/news/india/butter-shortage-in-delhi-ncr-noida-ahmedabad-faces-acute-amul-butte,india.com,shortage,garlic shortage India,
,Dollar crisis cuts trade thru land ports in half,https://www.thedailystar.net/business/economy/news/dollar-crisis-cuts-trade-thru-land-ports-half-318,thedailystar.net,shortage,garlic shortage India,
,"An Open Letter to Bill Gates on Food , Farming , and Africa",https://www.resilience.org/stories/2022-11-16/an-open-letter-to-bill-gates-on-food-farming-and-afric,resilience.org,shortage,garlic shortage India,
,This Is Tennessee Best Indian Restaurant,https://wlac.iheart.com/content/2022-11-09-this-is-tennessees-best-indian-restaurant/,wlac.iheart.com,shortage,garlic shortage India,
,This Is Tennessee Best Indian Restaurant,https://1075theriver.iheart.com/content/2022-11-09-this-is-tennessees-best-indian-restaurant/,1075theriver.iheart.com,shortage,garlic shortage India,
,This Is Tennessee Best Indian Restaurant,https://k97fm.iheart.com/content/2022-11-09-this-is-tennessees-best-indian-restaurant/,k97fm.iheart.com,shortage,garlic shortage India,
,This Is Tennessee Best Indian Restaurant,https://1059therock.iheart.com/content/2022-11-09-this-is-tennessees-best-indian-restaurant/,1059therock.iheart.com,shortage,garlic shortage India,
,This Is Tennessee Best Indian Restaurant,https://600wrec.iheart.com/content/2022-11-09-this-is-tennessees-best-indian-restaurant/,600wrec.iheart.com,shortage,garlic shortage India,
,This Is Tennessee Best Indian Restaurant | 97 . 9 is The BIG 98,https://thebig98.iheart.com/content/2022-11-09-this-is-tennessees-best-indian-restaurant/,thebig98.iheart.com,shortage,garlic shortage India,
,Local News | 92 . 5 WESC,https://wescfm.iheart.com/topic/local-news/,wescfm.iheart.com,shortage,garlic shortage India,
,This Is Tennessee Best Indian Restaurant,https://rock103.iheart.com/content/2022-11-09-this-is-tennessees-best-indian-restaurant/,rock103.iheart.com,shortage,garlic shortage India,
,This Is Tennessee Best Indian Restaurant,https://1019kissfm.iheart.com/content/2022-11-09-this-is-tennessees-best-indian-restaurant/,1019kissfm.iheart.com,shortage,garlic shortage India,
,This Is Tennessee Best Indian Restaurant,https://myv101.iheart.com/content/2022-11-09-this-is-tennessees-best-indian-restaurant/,myv101.iheart.com,shortage,garlic shortage India,
,This Is Tennessee Best Indian Restaurant,https://mywdia.iheart.com/content/2022-11-09-this-is-tennessees-best-indian-restaurant/,mywdia.iheart.com,shortage,garlic shortage India,
,This Is Tennessee Best Indian Restaurant,https://1011thebeat.iheart.com/content/2022-11-09-this-is-tennessees-best-indian-restaurant/,1011thebeat.iheart.com,shortage,garlic shortage India,
,This Is Tennessee Best Indian Restaurant | 95 . 7 Hallelujah FM,https://hallelujahfm.iheart.com/content/2022-11-09-this-is-tennessees-best-indian-restaurant/,hallelujahfm.iheart.com,shortage,garlic shortage India,
,This Is Ohio Best Indian Restaurant | Columbu BIN 1230,https://ohio.binnews.com/content/2022-11-04-this-is-ohios-best-indian-restaurant/,ohio.binnews.com,shortage,garlic shortage India,
,This Is Missouri Best Indian Restaurant,https://thebeatstl.iheart.com/content/2022-11-04-this-is-missouris-best-indian-restaurant/,thebeatstl.iheart.com,shortage,garlic shortage India,
,This Is Missouri Best Indian Restaurant,https://hallelujah1600.iheart.com/content/2022-11-04-this-is-missouris-best-indian-restaurant/,hallelujah1600.iheart.com,shortage,garlic shortage India,
,This Is Ohio Best Indian Restaurant,https://kisscincinnati.iheart.com/content/2022-11-04-this-is-ohios-best-indian-restaurant/,kisscincinnati.iheart.com,shortage,garlic shortage India,
,This Is Ohio Best Indian Restaurant,https://wcol.iheart.com/content/2022-11-04-this-is-ohios-best-indian-restaurant/,wcol.iheart.com,shortage,garlic shortage India,
,This Is Ohio Best Indian Restaurant,https://933odc.iheart.com/content/2022-11-04-this-is-ohios-best-indian-restaurant/,933odc.iheart.com,shortage,garlic shortage India,
,This Is Ohio Best Indian Restaurant,https://55krc.iheart.com/content/2022-11-04-this-is-ohios-best-indian-restaurant/,55krc.iheart.com,shortage,garlic shortage India,
,This Is Missouri Best Indian Restaurant,https://klou.iheart.com/content/2022-11-04-this-is-missouris-best-indian-restaurant/,klou.iheart.com,shortage,garlic shortage India,
,This Is Missouri Best Indian Restaurant,https://z1077.iheart.com/content/2022-11-04-this-is-missouris-best-indian-restaurant/,z1077.iheart.com,shortage,garlic shortage India,
,This Is Ohio Best Indian Restaurant,https://wnci.iheart.com/content/2022-11-04-this-is-ohios-best-indian-restaurant/,wnci.iheart.com,shortage,garlic shortage India,
,This Is Missouri Best Indian Restaurant,https://937thebull.iheart.com/content/2022-11-04-this-is-missouris-best-indian-restaurant/,937thebull.iheart.com,shortage,garlic shortage India,
,This Is Ohio Best Indian Restaurant,https://700wlw.iheart.com/content/2022-11-04-this-is-ohios-best-indian-restaurant/,700wlw.iheart.com,shortage,garlic shortage India,
,How Bangladesh is trying to ensure food security for all ? ,https://www.pressenza.com/2022/11/how-bangladesh-is-trying-to-ensure-food-security-for-all/,pressenza.com,shortage,garlic shortage India,
,Portugal : The Greatest Unknown - But Well Known - Country | Robert Mcall,https://original.newsbreak.com/@robert-m-call-1600685/2800127026722-portugal-the-greatest-unknown-bu,original.newsbreak.com,shortage,garlic shortage India,
,"In Croatia , a hotel trying to heal war wounds",https://www.bbc.co.uk/travel/article/20221020-in-croatia-a-hotel-trying-to-heal-war-wounds,bbc.co.uk,shortage,garlic shortage India,
,Andy Pizza Adds a Surprise New Outpost in Old Town,http://www.msn.com/en-us/foodanddrink/foodnews/andy-s-pizza-adds-a-surprise-new-outpost-in-old-town/,msn.com,shortage,garlic shortage India,
,"Burger Bar Johnny Rocket Returns to D . C ., and It Hard Not to Notice",http://www.msn.com/en-us/foodanddrink/foodnews/burger-bar-johnny-rocket-s-returns-to-d-c-and-it-s-ha,msn.com,shortage,garlic shortage India,
,"noida : Noida Kalibari : A journey towards reaffirmation of faith , culture , and identity",https://economictimes.indiatimes.com/magazines/panache/noida-kalibari-a-journey-towards-reaffirmatio,economictimes.indiatimes.com,shortage,garlic shortage India,
,The 100 Best Episode of  The Simpson to Stream,https://www.vulture.com/article/best-the-simpsons-episodes.html,vulture.com,shortage,garlic shortage India,
,Water Treatment Plant to benefit over 380 households in Lhamoizingkha,https://kuenselonline.com/water-treatment-plant-to-benefit-over-380-households-in-lhamoizingkha/,kuenselonline.com,shortage,garlic shortage India,
,How Indian Sweet Makers export tonnes of Deepavali Sweets abroad,https://www.thehindu.com/food/features/how-indian-sweet-makers-export-tonnes-of-deepavali-sweets-abr,thehindu.com,shortage,garlic shortage India,
,Darkness over Donbas | The Point Magazine,https://thepointmag.com/correspondence/darkness-over-donbas/,thepointmag.com,shortage,garlic shortage India,
,Why Have Garlic Prices Doubled To Rs 400 / kg In A Few Days ? ,https://www.oneindia.com/india/why-have-garlic-prices-doubled-to-rs-400-kg-in-a-few-days-3703005.htm,oneindia.com,shortage,garlic shortage India,
,"starvation , Schema - Root news",https://schema-root.org/people/starvation/,schema-root.org,shortage,garlic shortage India,
,Kathmandu Valley faces shortage of potatoes and onions after traders halt supply,https://myrepublica.nagariknetwork.com/news/kathmandu-valley-faces-shortage-of-potatoes-and-onions-a,myrepublica.nagariknetwork.com,shortage,garlic shortage India,
,Discover the N . J . neighborhood that shines like no other for Diwali . | Calavia - Robertson,https://www.nj.com/opinion/2023/11/discover-the-nj-neighborhood-that-shines-like-no-other-for-diwali,nj.com,shortage,garlic shortage India,
,"Garlic Prices Double Amid Dwindling Supplies , Hit ₹400 Per Kg In Some Areas",https://menafn.com/1107573623/Garlic-Prices-Double-Amid-Dwindling-Supplies-Hit-%E2%82%B9400-Per-Kg-I,menafn.com,local,Mandsaur garlic mandi,
,MP : Two Arrested In Rs 38L Robbery Case,https://www.freepressjournal.in/indore/mp-two-arrested-in-rs-38l-robbery-case,freepressjournal.in,local,Mandsaur garlic mandi,
,  Robin hood thieve behind bars for selling stolen onions at rock - bottom price,https://www.timesnownews.com/mirror-now/crime/article/robin-hood-thieves-behind-bars-for-selling-sto,timesnownews.com,local,Madhya Pradesh garlic price,
,Onion price crosses ₹200 a kg in Erode,https://www.thehindu.com/news/cities/Coimbatore/onion-price-crosses-200-a-kg-in-erode/article3023345,thehindu.com,local,Madhya Pradesh garlic price,
,Women hit streets over onion in Tinsukia,https://www.telegraphindia.com/states/north-east/women-hit-streets-over-onion-in-tinsukia/cid/172453,telegraphindia.com,local,Madhya Pradesh garlic price,
,"As onion touches Rs 160 / kg in Kolkata , state govt  Sufal Bangla  stall displays affordable rates",https://www.dnaindia.com/india/photo-gallery-as-onion-touches-rs-160kg-in-kolkata-state-govt-s-sufal,dnaindia.com,local,Madhya Pradesh garlic price,
,"  I dont eat onions much , so dont worry : Finance Minister Nirmala Sitharaman",https://www.dnaindia.com/india/report-i-don-t-eat-onions-much-so-don-t-worry-finance-minister-nirmal,dnaindia.com,local,Madhya Pradesh garlic price,
,"I dont eat much of onion , says Nirmala Sitharaman in Lok Sabha amid debate over soaring retail prices",https://zeenews.india.com/india/i-dont-eat-much-of-onion-says-nirmala-sitharaman-in-lok-sabha-amid-d,zeenews.india.com,local,Madhya Pradesh garlic price,
,Onion prices likely to rise further in Bengaluru despite assurance from govt,https://www.thenewsminute.com/article/onion-prices-likely-rise-further-bengaluru-despite-assurance-g,thenewsminute.com,local,Madhya Pradesh garlic price,
,Centre Cant Be Blamed For The Steep Rise In Onion Prices ; Here What Data Tell Us,https://swarajyamag.com/politics/data-story-onion-prices-high-due-to-gap-in-arrival-between-may-and-,swarajyamag.com,local,Madhya Pradesh garlic price,
,Potato cultivation dips in Northern India - The Economic Times,http://articles.economictimes.indiatimes.com/news/economy/agriculture/potato-cultivation-dips-in-nor,articles.economictimes.indiatimes.com,local,Madhya Pradesh garlic price,
,Potato cultivation dips in Northern India,https://economictimes.indiatimes.com/news/economy/agriculture/potato-cultivation-dips-in-northern-in,economictimes.indiatimes.com,local,Madhya Pradesh garlic price,
,"Data Story : Onion Prices High Due To Gap In Arrival Between May And October , Damage To Crop By Rain",https://swarajyamag.com/news-brief/data-story-onion-prices-high-due-to-gap-in-arrival-between-may-an,swarajyamag.com,local,Madhya Pradesh garlic price,
,"Wedding season gifts |  10 kg onion , 10 lt fuel , 1 - month calling pack : Congress tweets perfect gift ideas for this ",https://www.timesnownews.com/the-buzz/article/10-kg-onion-10-lt-fuel-1-month-calling-pack-congress-t,timesnownews.com,local,Madhya Pradesh garlic price,
,Soaring Onion Prices Has Given The Internet Another Reason To Churn Out Hilarious Memes,https://www.indiatimes.com/trending/wtf/with-onion-prices-soaring-across-the-country-floodgates-to-h,indiatimes.com,local,Madhya Pradesh garlic price,
,"Government should explore Israel , Brazil models for onion storage : FICCI study",https://www.newindianexpress.com/business/2019/nov/08/government-should-explore-israel-brazil-models,newindianexpress.com,local,Madhya Pradesh garlic price,
,"Onion storage : India should explore Israel , Brazil models , says Ficci",https://www.thehindubusinessline.com/economy/agri-business/onion-storage-india-should-explore-israel,thehindubusinessline.com,local,Madhya Pradesh garlic price,
,"Onion prices at Rs 100 per kg : Govt should explore Israel , Brazil models for storage , says FICCI",https://www.firstpost.com/business/onion-prices-at-rs-100-per-kg-govt-should-explore-israel-brazil-m,firstpost.com,local,Madhya Pradesh garlic price,
,Govt should explore Israel model for onion storage : Ficci study,https://www.republicworld.com/technology-news/science/govt-should-explore-israel-model-for-onion-sto,republicworld.com,local,Madhya Pradesh garlic price,
,"Govt should explore Israel , Brazil models for onion storage : Ficci study",https://www.deccanchronicle.com/business/in-other-news/081119/govt-should-explore-israel-brazil-mode,deccanchronicle.com,local,Madhya Pradesh garlic price,
,"Govt should explore Israel , Brazil models for onion storage : Ficci study",http://articles.economictimes.indiatimes.com/news/economy/agriculture/govt-should-explore-israel-bra,articles.economictimes.indiatimes.com,local,Madhya Pradesh garlic price,
,"Govt should explore Israel , Brazil models for onion storage : Ficci study",https://www.business-standard.com/article/pti-stories/govt-should-explore-israel-brazil-models-for-o,business-standard.com,local,Madhya Pradesh garlic price,
,"Govt should explore Israel , Brazil models for onion storage : Ficci study",https://economictimes.indiatimes.com/news/economy/agriculture/govt-should-explore-israel-brazil-mode,economictimes.indiatimes.com,local,Madhya Pradesh garlic price,
,"Govt should explore Israel , Brazil models for onion storage : Ficci study",https://www.moneycontrol.com/news/business/economy/govt-should-explore-israel-brazil-models-for-onio,moneycontrol.com,local,Madhya Pradesh garlic price,
,Health & Family - Lifestyle | The Star Online,https://www.thestar.com.my/lifestyle/health-and-family/,thestar.com.my,local,Madhya Pradesh garlic price,
,"Taking note of farmer welfare , the Kerala way",https://www.thehindu.com/opinion/op-ed/taking-note-of-farmer-welfare-the-kerala-way/article33475184.,thehindu.com,local,Madhya Pradesh garlic price,
,"MP farmers duped by traders outside Mandis , several arrested",https://www.hindustantimes.com/india-news/mp-farmers-duped-by-traders-outside-mandis-several-arreste,hindustantimes.com,local,Madhya Pradesh garlic price,
,"Rebooting Economy 54 : Will bypassing APMC - based procurement improve farmer income , ensure food security ? ",http://origin-businesstoday.intoday.in/opinion/columns/indian-economy-will-bypassing-apmc-based-proc,origin-businesstoday.intoday.in,local,Madhya Pradesh garlic price,
,"Rebooting Economy 54 : Will bypassing APMC - based procurement improve farmer income , ensure food security ? ",https://www.businesstoday.in/opinion/columns/indian-economy-will-bypassing-apmc-based-procurement-im,businesstoday.in,local,Madhya Pradesh garlic price,
,Mrs Bectors IPO : Key takeaways from analyst meet,https://economictimes.indiatimes.com/markets/ipos/fpos/mrs-bectors-ipo-key-takeaways-from-analyst-me,economictimes.indiatimes.com,local,Madhya Pradesh garlic price,
,"Shocked After Earning Only Rs 10 , 446 For 2700 Kg Onion , MP Farmer Dies Of Heart Attack",https://www.indiatimes.com/news/india/shocked-after-earning-only-rs-10-446-for-2700-kg-onion-mp-farm,indiatimes.com,local,Madhya Pradesh garlic price,
,Lower Prices For Farm Produce :   Market Forces Teach Congress A Lesson,https://swarajyamag.com/economy/lower-prices-for-farm-produce-market-forces-teach-congress-a-lesson,swarajyamag.com,local,Madhya Pradesh garlic price,
,"Congress wins three assembly elections , but fails to capitalise on farmer distress",https://caravanmagazine.in/politics/assembly-elections-2018-results-congress-bjp-rural,caravanmagazine.in,local,Madhya Pradesh garlic price,
,Why onion prices are bringing tears to farmer eyes – The Siasat Daily,https://www.siasat.com/news/why-onion-prices-are-bringing-tears-farmers-eyes-1443670/,siasat.com,local,Madhya Pradesh garlic price,
,Why onion prices are bringing tears to farmer eyes,http://www.bilkulonline.com/why-onion-prices-are-bringing-tears-to-farmers-eyes-34020/,bilkulonline.com,local,Madhya Pradesh garlic price,
,"Why onion prices are bringing tears to farmer eyes The Morung Express - New Delhi , December 9 ( IANS ):  The Narendra M",http://morungexpress.com/why-onion-prices-are-bringing-tears-to-farmers-eyes/,morungexpress.com,local,Madhya Pradesh garlic price,
,Why onion prices are bringing tears to farmer eyes,http://articles.economictimes.indiatimes.com/news/economy/agriculture/why-onion-prices-are-bringing-,articles.economictimes.indiatimes.com,local,Madhya Pradesh garlic price,
,Why onion prices are bringing tears to farmer eyes – Canindia News,http://www.canindia.com/why-onion-prices-are-bringing-tears-to-farmers-eyes/,canindia.com,local,Madhya Pradesh garlic price,
,Why onion prices are bringing tears to farmer eyes,http://www.sify.com/news/why-onion-prices-are-bringing-tears-to-farmers-eyes-news-national-smjnagaih,sify.com,local,Madhya Pradesh garlic price,
,Why onion prices are bringing tears to farmer eyes,https://economictimes.indiatimes.com/news/economy/agriculture/why-onion-prices-are-bringing-tears-to,economictimes.indiatimes.com,local,Madhya Pradesh garlic price,
,Why onion prices are bringing tears to farmer eyes,https://www.prokerala.com/news/articles/a878289.html,prokerala.com,local,Madhya Pradesh garlic price,
,Why onion prices are bringing tears to farmer eyes,https://www.business-standard.com/article/news-ians/why-onion-prices-are-bringing-tears-to-farmers-e,business-standard.com,local,Madhya Pradesh garlic price,
,Why onion prices are bringing tears to farmer eyes,https://www.daijiworld.com/news/newsDisplay.aspx?newsID=544289,daijiworld.com,local,Madhya Pradesh garlic price,
,"We Buy Onion For Rs 30 / Kg & Farmers Get Only 50 Paise Out Of It , That Why They Are Protesting",https://www.indiatimes.com/news/india/we-buy-onion-for-rs-30-kg-farmers-get-only-50-paise-out-of-it-,indiatimes.com,local,Madhya Pradesh garlic price,
,Large supply & dip in exports pull down Indian garlic prices to record low,https://www.freshplaza.com/article/9051320/large-supply-dip-in-exports-pull-down-indian-garlic-price,freshplaza.com,local,Madhya Pradesh garlic price,
,"Rise in supplies , dip in exports pull down garlic prices to record low",https://www.thehindubusinessline.com/economy/agri-business/rise-in-supplies-dip-in-exports-pull-down,thehindubusinessline.com,local,Madhya Pradesh garlic price,
,"Onion , garlic prices fall drastically in Madhya Pradesh Neemuch Mandi",https://www.timesnownews.com/mirror-now/civic-issues/article/onion-garlic-prices-fall-drastically-in,timesnownews.com,local,Madhya Pradesh garlic price,
,Onion prices fall to 50 - 90 paise a kg in MP mandi,https://www.tribuneindia.com/news/nation/onion-prices-fall-to-50-90-paise-a-kg-in-mp-mandi/693244.ht,tribuneindia.com,local,Madhya Pradesh garlic price,
,"Onion , garlic prices fall drastically in MP Neemuch Mandi",https://www.business-standard.com/article/pti-stories/onion-garlic-prices-fall-drastically-in-mp-s-n,business-standard.com,local,Madhya Pradesh garlic price,
,Onion at 50paisa / kg leaves Neemuch farmers in tears | Bhopal News,https://timesofindia.indiatimes.com/city/bhopal/onion-at-50paisa/kg-leaves-neemuch-farmers-in-tears/,timesofindia.indiatimes.com,local,Madhya Pradesh garlic price,
,Onion prices plunge following oversupply due to release of old stocks,https://www.hindustantimes.com/india-news/onion-prices-plunge-following-oversupply-due-to-release-of,hindustantimes.com,local,Madhya Pradesh garlic price,
,Jyotiraditya Scindia criticizes paternal aunt Vasundhara Raje for plight of youths and farmers,http://www.newindianexpress.com/elections/rajasthan-elections/2018/dec/03/jyotiraditya-scindia-criti,newindianexpress.com,local,Madhya Pradesh garlic price,
,Little government role as Hadoti fights one crop failure after another,https://economictimes.indiatimes.com/news/elections/rajasthan-assembly-elections/little-government-r,economictimes.indiatimes.com,local,Madhya Pradesh garlic price,
,Little government role as Hadoti fights one crop failure after another,http://articles.economictimes.indiatimes.com/news/elections/rajasthan-assembly-elections/little-gove,articles.economictimes.indiatimes.com,local,Madhya Pradesh garlic price,
,Maharashtra proposes 16 % quotas for Marathas,https://www.moneylife.in/article/maharashtra-proposes-16-percentage-quotas-for-marathas/55827.html,moneylife.in,local,Madhya Pradesh garlic price,
,Angry farmers could upset Modi in major state elections test The Morung Express - A supporter of Bharatiya Janata Party ,http://morungexpress.com/angry-farmers-could-upset-modi-in-major-state-elections-test-2/,morungexpress.com,local,Madhya Pradesh garlic price,
,Rage of farmers may nail BJP prospects in Hindi belt,https://english.manoramaonline.com/in-depth/assembly-elections-2018/2018/11/29/rage-of-farmers-could,english.manoramaonline.com,local,Madhya Pradesh garlic price,
,Angry farmers could upset Modi in major state elections test,http://onlinemedia.in/angry-farmers-could-upset-modi-in-major-state-elections-test/,onlinemedia.in,local,Madhya Pradesh garlic price,
,Cong manifesto says its govt would revive stalled Barmer refinery project,https://www.business-standard.com/article/elections/cong-manifesto-says-its-govt-would-revive-stalle,business-standard.com,local,Madhya Pradesh garlic price,
,Angry farmers could upset Modi in major state elections test,https://www.thehansindia.com/posts/index/National/2018-11-29/Angry-farmers-could-upset-Modi-in-major,thehansindia.com,local,Madhya Pradesh garlic price,
,Angry farmers could upset PM Narendra Modi in major state elections test,https://www.moneycontrol.com/news/politics/angry-farmers-could-upset-pm-narendra-modi-in-major-state,moneycontrol.com,local,Madhya Pradesh garlic price,
,Farmers could upset Modi in major state elections test,https://www.deccanherald.com/national/farmers-could-upset-modi-major-705436.html,deccanherald.com,local,Madhya Pradesh garlic price,
,Angry farmers could upset Indian PM Modi in major state elections test,https://www.geo.tv/latest/220035-angry-farmers-could-upset-indias-modi-in-major-state-elections-test,geo.tv,local,Madhya Pradesh garlic price,
,Is Modi losing steam as a campaigner ? - The Hindu BusinessLine,https://www.thehindubusinessline.com/opinion/is-modi-losing-steam-as-a-campaigner/article25615900.ec,thehindubusinessline.com,local,Madhya Pradesh garlic price,
,Angry farmers could upset PM Narendra Modi in major state elections test,http://articles.economictimes.indiatimes.com/news/politics-and-nation/angry-farmers-could-upset-indi,articles.economictimes.indiatimes.com,local,Madhya Pradesh garlic price,
,Angry farmers could upset PM Narendra Modi in major state elections test,https://economictimes.indiatimes.com/news/politics-and-nation/angry-farmers-could-upset-indias-modi-,economictimes.indiatimes.com,local,Madhya Pradesh garlic price,
,Angry farmers could upset India Modi in major state elections test,https://www.euronews.com/2018/11/28/angry-farmers-could-upset-indias-modi-in-major-state-elections-t,euronews.com,local,Madhya Pradesh garlic price,
,Angry farmers could upset India Modi in major state elections test,https://www.reuters.com/article/us-india-election-farmers-insight-idUSKCN1NX1UN,reuters.com,local,Madhya Pradesh garlic price,
,Angry farmers could upset India Modi in major state elections test,https://ca.reuters.com/article/topNews/idCAKCN1NX1UN-OCATP,ca.reuters.com,local,Madhya Pradesh garlic price,
,Angry farmers could upset Modi in major state elections test,https://in.reuters.com/article/india-election-farmers/angry-farmers-could-upset-modi-in-major-state-,in.reuters.com,local,Madhya Pradesh garlic price,
,Angry farmers could upset India Modi in major state elections test - World,https://www.thestar.com.my/news/world/2018/11/28/angry-farmers-could-upset-indias-modi-in-major-stat,thestar.com.my,local,Madhya Pradesh garlic price,
,Angry farmers could upset India Modi in major state elections test,https://uk.reuters.com/article/uk-india-election-farmers-insight/angry-farmers-could-upset-indias-mo,uk.reuters.com,local,Madhya Pradesh garlic price,
,Angry farmers could upset India Modi in major state elections test,https://www.reuters.com/article/us-india-election-farmers-insight/angry-farmers-could-upset-indias-m,reuters.com,local,Madhya Pradesh garlic price,
,Angry farmers could upset India Modi in major state elections test,https://www.channelnewsasia.com/news/asia/angry-farmers-could-upset-india-s-modi-in-major-state-elec,channelnewsasia.com,local,Madhya Pradesh garlic price,
,"Madhya Pradesh : Farmers not getting rates , yield of garlic , onion may go down in Sehore",https://www.freepressjournal.in/indore/madhya-pradesh-farmers-not-getting-rates-yield-of-garlic-onio,freepressjournal.in,local,Madhya Pradesh garlic price,
,MP FPOs stock soyabean hoping govt lifts ban on futures & options trade,https://www.business-standard.com/article/economy-policy/mp-fpos-stock-soyabean-hoping-govt-lifts-ba,business-standard.com,local,Madhya Pradesh garlic price,
,Sitamau : Congress organises  Farmers Justice March  ,https://www.freepressjournal.in/indore/sitamau-congress-organises-farmers-justice-march,freepressjournal.in,local,Madhya Pradesh garlic price,
,"Grocery : Wholesale & Retail Garlic Prices Rise As Supply Fails To Keep Up With Demand , ET Retail",https://retail.economictimes.indiatimes.com/news/food-entertainment/grocery/wholesale-retail-garlic-,retail.economictimes.indiatimes.com,local,Madhya Pradesh garlic price,
,Garlic Prices Surge Sharply : How Long Will It Be A Burden On Household Budgets ? ,https://menafn.com/1107643462/Garlic-Prices-Surge-Sharply-How-Long-Will-It-Be-A-Burden-On-Household-,menafn.com,local,Madhya Pradesh garlic price,
,"Why garlic prices are up , and will stay high for some time",https://indianexpress.com/article/explained/why-garlic-prices-are-up-and-will-stay-high-for-some-tim,indianexpress.com,local,Madhya Pradesh garlic price,
,Smallholder Women Farmers See Improved Financial Independence With Support From Walmart Foundation Grantees,https://www.freepressjournal.in/business/smallholder-women-farmers-see-improved-financial-independen,freepressjournal.in,local,Madhya Pradesh garlic price,
,Despite ban Chinese garlic coming to India via Afghanistan MP farmers suffering Patwari,https://www.theweek.in/wire-updates/national/2024/12/18/bes15-mp-chinese-garlic-cong-protest.html,theweek.in,local,Madhya Pradesh garlic price,
,"Maha polls : Volatility in prices of onion , garlic , cotton and soybean dominate campaign rhetoric",http://www.saharasamay.com/regional-news/others-news/676644625/maharashtra-polls-volatility-in-price,saharasamay.com,local,Madhya Pradesh garlic price,
,"UPSC Key | 12th October 2024 - East Asia Summit , Hurricane Milton , Nobel Peace Prize , and more",https://indianexpress.com/article/upsc-current-affairs/upsc-key-east-asia-summit-hurricane-milton-no,indianexpress.com,local,Madhya Pradesh garlic price,
,"PRESS RELEASE OF CONSUMER PRICE INDEX ON BASE 2024=100 FOR MARCH , 2026",https://orissadiary.com/press-release-of-consumer-price-index-on-base-2024100-for-march-2026/,orissadiary.com,local,Madhya Pradesh garlic price,
,How farmers are negotiating climate chaos,https://mumbaimirror.indiatimes.com/others/sunday-read/how-farmers-are-negotiating-climate-chaos/art,mumbaimirror.indiatimes.com,local,Madhya Pradesh garlic price,
,Dehydrated vegetables are turning India post - harvest losses into export wins,https://www.freshplaza.com/north-america/article/9832064/dehydrated-vegetables-are-turning-india-s-p,freshplaza.com,export_data,APEDA garlic export,
,"India unlocks market access to Canada for fresh mangoes , pomegranates , oranges , and garlic",https://www.freshfruitportal.com/news/2026/04/07/india-canada-market/,freshfruitportal.com,export_data,APEDA garlic export,
